issue_d,dataset_split,target,annual_inc,dti,revol_util,revol_bal,open_acc,total_acc,delinq_2yrs,inq_last_6mths,loan_amnt,term,int_rate,installment,emp_length,loan_to_income,installment_to_income,credit_history_years,annual_inc_was_missing,dti_was_missing,revol_util_was_missing,revol_bal_was_missing,open_acc_was_missing,total_acc_was_missing,delinq_2yrs_was_missing,inq_last_6mths_was_missing,loan_amnt_was_missing,term_was_missing,int_rate_was_missing,installment_was_missing,emp_length_was_missing,loan_to_income_was_missing,installment_to_income_was_missing,credit_history_years_was_missing,grade,sub_grade,purpose_credit_card,purpose_debt_consolidation,purpose_home_improvement,purpose_small_business,home_ownership_MORTGAGE,home_ownership_OWN,home_ownership_RENT,issue_quarter
2018-01-01,shift,0,102144.58,40.33,22.2,6699.41,16.0,41.0,0.0,0.0,27500.0,36.0,19.82,884.71,10.0,0.2692262281562076,0.10393620493617968,19.50444900752909,0,0,0,0,0,0,0,0,0,0,0,0,0,0,0,0,3,18,0.0,0.0,0.0,1.0,0.0,1.0,0.0,2018Q1
2018-01-01,shift,1,70788.38,31.94,29.9,3588.02,19.0,11.0,0.0,1.0,6000.0,36.0,17.97,113.97,5.0,0.0847596738334738,0.01932012005360202,1.4182067077344285,0,0,0,0,0,0,0,0,0,0,0,0,0,0,0,0,2,14,0.0,0.0,1.0,0.0,0.0,0.0,1.0,2018Q1
2018-01-01,shift,0,84211.67,22.52,46.6,10814.87,19.0,45.0,0.0,2.0,23000.0,36.0,16.0,715.55,10.0,0.27312129067147106,0.10196449019476754,19.252566735112936,0,0,0,0,0,0,0,0,0,0,0,0,0,0,0,0,1,8,0.0,0.0,1.0,0.0,1.0,0.0,0.0,2018Q1
2018-01-01,shift,0,66625.63,26.93,36.0,1967.79,11.0,51.0,0.0,0.0,33500.0,36.0,22.77,1105.21,2.0,0.5028095043904275,0.19906033158710842,8.999315537303216,0,0,0,0,0,0,0,0,0,0,0,0,1,0,0,0,3,15,0.0,1.0,0.0,0.0,1.0,0.0,0.0,2018Q1
2018-01-01,shift,1,85050.05,24.74,65.7,9411.1,14.0,17.0,0.0,0.0,9000.0,36.0,23.56,179.34,1.0,0.10582004360961575,0.02530368882793132,21.418206707734427,0,0,0,0,0,0,0,0,0,0,0,0,0,0,0,0,4,23,0.0,1.0,0.0,0.0,1.0,0.0,0.0,2018Q1
2018-01-01,shift,1,69478.05,28.98,82.8,14684.37,5.0,14.0,0.0,0.0,9000.0,36.0,19.869999999999997,289.67,2.0,0.2563336676464009,0.08069217306644721,18.086242299794662,1,0,0,0,0,0,0,0,0,0,0,0,0,1,1,0,3,15,0.0,0.0,1.0,0.0,1.0,0.0,0.0,2018Q1
2018-01-01,shift,1,109927.23,32.879999999999995,56.7,4087.99,14.0,17.0,2.0,2.0,16000.0,36.0,14.02,293.4,2.0,0.1455508339471485,0.03202846101007003,15.586584531143053,0,0,0,0,0,0,0,0,0,0,0,0,1,0,0,0,1,6,1.0,0.0,0.0,0.0,0.0,1.0,0.0,2018Q1
2018-01-01,shift,1,56586.2,30.35,3.4,184.5,9.0,44.0,0.0,1.0,33500.0,36.0,21.28,1091.34,2.0,0.5920171349198214,0.2314359331427097,26.001368925393567,0,0,0,0,0,0,0,0,0,0,0,0,0,0,0,0,3,15,0.0,0.0,0.0,1.0,1.0,0.0,0.0,2018Q1
2018-01-01,shift,0,94391.79,30.25,70.1,25020.12,5.0,7.0,0.0,1.0,10000.0,36.0,19.17,319.91,5.0,0.10594141715079247,0.040670062512852025,32.50376454483231,0,0,0,0,0,0,0,0,0,0,0,0,0,0,0,0,2,11,0.0,0.0,1.0,0.0,1.0,0.0,0.0,2018Q1
2018-01-01,shift,0,62043.26,19.55,57.3,0.0,20.0,50.0,1.0,0.0,27500.0,36.0,14.61,844.9,5.0,0.44323912057490206,0.16341501075217518,6.839151266255989,0,0,0,0,0,0,0,0,0,0,0,0,0,0,0,0,1,9,1.0,0.0,0.0,0.0,1.0,0.0,0.0,2018Q1
2018-01-01,shift,1,97380.81,26.65,49.1,14365.67,11.0,5.0,0.0,2.0,7000.0,36.0,11.559999999999999,209.14,2.0,0.07188274568675286,0.025771812742161417,4.670773442847365,0,0,0,0,0,0,0,0,0,0,0,0,1,0,0,0,0,3,1.0,0.0,0.0,0.0,1.0,0.0,0.0,2018Q1
2018-01-01,shift,0,72765.3,24.63,68.1,25599.45,8.0,10.0,0.0,2.0,30500.0,36.0,29.52,1063.44,10.0,0.419155833893353,0.17537590032611697,6.672142368240931,0,0,0,0,0,0,0,0,0,0,0,0,0,0,0,0,5,27,0.0,0.0,1.0,0.0,1.0,0.0,0.0,2018Q1
2018-01-01,shift,0,71058.94,22.66,44.4,15197.38,4.0,33.0,2.0,1.0,21000.0,36.0,12.45,632.62,2.0,0.2955293169304242,0.10683300370087141,6.0862422997946615,0,0,0,0,0,0,0,0,0,0,0,0,1,0,0,0,0,0,0.0,1.0,0.0,0.0,0.0,0.0,1.0,2018Q1
2018-01-01,shift,1,68565.18,23.33,38.3,26121.28,10.0,10.0,0.0,0.0,3500.0,36.0,21.36,114.1,1.0,0.05104631826241834,0.01996931970425805,3.838466803559206,0,0,0,0,0,0,0,0,0,0,0,0,0,0,0,0,3,16,0.0,0.0,1.0,0.0,0.0,1.0,0.0,2018Q1
2018-01-01,shift,1,81189.99,39.260000000000005,68.4,4217.13,6.0,17.0,0.0,0.0,28000.0,36.0,18.58,534.7,1.0,0.34487010036582094,0.07902944685668763,23.16769336071184,0,0,0,0,0,0,0,0,0,0,0,0,0,0,0,0,2,14,1.0,0.0,0.0,0.0,1.0,0.0,0.0,2018Q1
2018-01-01,shift,0,80673.28,21.09,69.5,11938.85,2.0,42.0,0.0,2.0,31000.0,36.0,20.17,1000.38,2.0,0.38426601719925113,0.1488046599815949,12.0,0,0,0,0,0,0,0,0,0,0,0,0,1,0,0,0,3,17,1.0,0.0,0.0,0.0,1.0,0.0,0.0,2018Q1
2018-01-01,shift,1,72461.31,35.92,46.3,5615.34,24.0,10.0,0.0,0.0,2500.0,36.0,24.49,83.67,10.0,0.03450117034870057,0.013856222030763728,30.253251197809718,0,0,0,0,0,0,0,0,0,0,0,0,0,0,0,0,4,23,0.0,0.0,1.0,0.0,1.0,0.0,0.0,2018Q1
2018-01-01,shift,0,74840.46,29.7,73.2,8945.59,11.0,23.0,1.0,0.0,33000.0,36.0,16.310000000000002,1029.49,1.0,0.4409379632353943,0.1650695359168022,11.000684462696784,0,0,0,0,0,0,0,0,0,0,0,0,0,0,0,0,2,12,0.0,0.0,1.0,0.0,0.0,1.0,0.0,2018Q1
2018-01-01,shift,1,69478.05,30.37,34.4,17746.29,11.0,36.0,1.0,3.0,29000.0,36.0,20.38,937.53,2.0,0.2563336676464009,0.08069217306644721,26.253251197809718,1,0,0,0,0,0,0,0,0,0,0,0,0,1,1,0,3,16,0.0,0.0,1.0,0.0,0.0,1.0,0.0,2018Q1
2018-01-01,shift,1,61278.97,26.92,63.1,17972.08,12.0,26.0,3.0,2.0,7000.0,36.0,20.93,227.36,10.0,0.114231685029954,0.04452294155727487,25.585215605749486,0,0,0,0,0,0,0,0,0,0,0,0,0,0,0,0,3,17,0.0,0.0,1.0,0.0,0.0,1.0,0.0,2018Q1
2018-01-01,shift,0,60601.83,36.3,34.0,14736.51,2.0,41.0,0.0,2.0,22000.0,36.0,18.15,418.55,2.0,0.36302534098392736,0.08287868534663062,22.168377823408623,0,0,0,0,0,0,0,0,0,0,0,0,1,0,0,0,2,11,0.0,1.0,0.0,0.0,1.0,0.0,0.0,2018Q1
2018-01-01,shift,0,80434.54,22.869999999999997,31.6,24936.55,2.0,40.0,0.0,2.0,14500.0,36.0,20.61,469.7,10.0,0.1802708140060228,0.07007437352162392,23.000684462696782,0,0,0,0,0,0,0,0,0,0,0,0,0,0,0,0,3,18,0.0,0.0,0.0,1.0,0.0,1.0,0.0,2018Q1
2018-01-01,shift,1,66285.27,36.44,57.9,19272.76,21.0,44.0,0.0,1.0,19000.0,36.0,20.96,617.3,2.0,0.28663985226280286,0.11175333524325992,4.837782340862423,0,0,0,0,0,0,0,0,0,0,0,0,0,0,0,0,3,16,0.0,0.0,0.0,1.0,0.0,0.0,1.0,2018Q1
2018-01-01,shift,0,38442.97,36.260000000000005,83.5,15543.05,23.0,41.0,1.0,2.0,18000.0,36.0,20.25,581.26,2.0,0.46822605017250224,0.18144071594884578,10.915811088295689,0,0,0,0,0,0,0,0,0,0,0,0,0,0,0,0,3,17,0.0,0.0,0.0,1.0,1.0,0.0,0.0,2018Q1
2018-01-01,shift,0,89355.2,34.980000000000004,63.4,12185.73,12.0,38.0,0.0,2.0,9000.0,36.0,16.8,282.01,2.0,0.10072161441080094,0.037872669973319964,12.167008898015059,0,0,0,0,0,0,0,0,0,0,0,0,0,0,0,0,2,13,0.0,0.0,0.0,1.0,1.0,0.0,0.0,2018Q1
2018-01-01,shift,1,44791.57,24.05,83.4,31069.43,9.0,32.0,0.0,1.0,32000.0,36.0,20.34,620.46,10.0,0.7144201464695255,0.16622592152943066,29.67008898015058,0,0,0,0,0,0,0,0,0,0,0,0,0,0,0,0,3,15,0.0,0.0,0.0,1.0,0.0,1.0,0.0,2018Q1
2018-01-01,shift,0,40636.34,22.67,47.8,22916.24,7.0,31.0,0.0,0.0,2500.0,36.0,20.64,81.0,2.0,0.061521288580615285,0.023919477000143224,20.503764544832308,0,0,0,0,0,0,0,0,0,0,0,0,0,0,0,0,3,18,1.0,0.0,0.0,0.0,0.0,0.0,1.0,2018Q1
2018-01-01,shift,1,112074.83,37.14,28.3,27574.5,15.0,16.0,3.0,1.0,12000.0,36.0,20.32,232.65,5.0,0.10707132011710391,0.024910142625244224,23.586584531143053,0,0,0,0,0,0,0,0,0,0,0,0,0,0,0,0,3,19,1.0,0.0,0.0,0.0,0.0,0.0,1.0,2018Q1
2018-01-01,shift,1,56531.17,29.33,50.1,20031.96,4.0,13.0,0.0,0.0,2000.0,36.0,20.84,64.91,2.0,0.035378712310394425,0.013778593296406213,30.587268993839835,0,0,0,0,0,0,0,0,0,0,0,0,1,0,0,0,3,15,0.0,0.0,0.0,1.0,0.0,1.0,0.0,2018Q1
2018-01-01,shift,0,99176.81,23.61,80.9,9443.76,20.0,18.0,2.0,0.0,27500.0,36.0,18.4,524.33,10.0,0.27728256232480153,0.06344184693982394,32.91444216290212,0,0,0,0,0,0,0,0,0,0,0,0,0,0,0,0,2,13,0.0,0.0,1.0,0.0,0.0,1.0,0.0,2018Q1
2018-01-01,shift,0,69478.05,23.560000000000002,90.3,13016.39,9.0,52.0,0.0,0.0,26500.0,36.0,13.42,805.44,1.0,0.2563336676464009,0.08069217306644721,10.67214236824093,1,0,0,0,0,0,0,0,0,0,0,0,0,1,1,0,1,8,0.0,0.0,0.0,1.0,1.0,0.0,0.0,2018Q1
2018-01-01,shift,0,54246.78,21.82,41.3,20336.91,13.0,18.0,0.0,0.0,27000.0,36.0,22.17,886.31,0.0,0.4977253949451009,0.1960617754639077,29.418206707734427,0,0,0,0,0,0,0,0,0,0,0,0,0,0,0,0,3,16,0.0,0.0,1.0,0.0,1.0,0.0,0.0,2018Q1
2018-01-01,shift,0,84657.89,29.92,70.0,15461.99,20.0,26.0,0.0,0.0,30500.0,36.0,19.310000000000002,976.94,0.0,0.360273566941014,0.13847829186387708,21.251197809719372,0,0,0,0,0,0,0,0,0,0,0,0,0,0,0,0,2,14,1.0,0.0,0.0,0.0,0.0,0.0,1.0,2018Q1
2018-01-01,shift,1,76705.35,33.35,42.8,6013.78,4.0,38.0,0.0,1.0,19500.0,36.0,21.71,637.61,2.0,0.25421955574154864,0.09974949596084237,11.16769336071184,0,0,0,0,0,0,0,0,0,0,0,0,1,0,0,0,3,19,0.0,0.0,1.0,0.0,0.0,1.0,0.0,2018Q1
2018-01-01,shift,1,53429.61,32.29,42.0,21576.61,9.0,24.0,0.0,0.0,9500.0,36.0,19.9,183.51,0.0,0.17780403038689596,0.04121534856795698,15.3347022587269,0,0,0,0,0,0,0,0,0,0,0,0,0,0,0,0,3,19,0.0,0.0,0.0,1.0,1.0,0.0,0.0,2018Q1
2018-01-01,shift,0,54221.77,20.4,54.3,1864.01,5.0,19.0,0.0,1.0,16500.0,36.0,19.78,530.66,2.0,0.30430581664892165,0.11744212702757582,16.16700889801506,0,0,0,0,0,0,0,0,0,0,0,0,1,0,0,0,3,16,0.0,0.0,0.0,1.0,1.0,0.0,0.0,2018Q1
2018-01-01,shift,1,70740.45,17.880000000000003,59.7,16573.85,12.0,13.0,0.0,0.0,23000.0,36.0,18.6,439.31,2.0,0.32513222632878364,0.07452200261660762,22.754277891854894,0,0,0,0,0,0,0,0,0,0,0,0,1,0,0,0,2,12,0.0,0.0,1.0,0.0,0.0,0.0,1.0,2018Q1
2018-01-01,shift,0,84916.76,22.15,47.7,0.0,9.0,17.0,0.0,1.0,23000.0,36.0,20.22,742.49,0.0,0.27085348051432956,0.10492486995500064,11.252566735112936,0,0,0,0,0,0,0,0,0,0,0,0,0,0,0,0,3,19,0.0,0.0,0.0,1.0,0.0,0.0,1.0,2018Q1
2018-01-01,shift,1,59572.7,26.64,37.0,2103.49,23.0,47.0,0.0,4.0,32000.0,36.0,20.32,1033.97,10.0,0.5371587992486492,0.20827728137217216,8.084873374401095,0,0,0,0,0,0,0,0,0,0,0,0,0,0,0,0,3,17,1.0,0.0,0.0,0.0,0.0,1.0,0.0,2018Q1
2018-01-01,shift,0,24740.22,29.13,65.3,12482.65,20.0,46.0,0.0,1.0,12500.0,36.0,22.3,410.77,0.0,0.5052501554149478,0.19923994208620618,1.0841889117043122,0,0,0,0,0,0,0,0,0,0,0,0,0,0,0,0,3,16,0.0,0.0,1.0,0.0,1.0,0.0,0.0,2018Q1
2018-01-01,shift,0,31604.71,19.17,69.8,22083.35,10.0,36.0,0.0,0.0,6500.0,36.0,17.740000000000002,123.22,2.0,0.20566554795155534,0.04678543166509042,20.914442162902123,0,0,0,0,0,0,0,0,0,0,0,0,1,0,0,0,2,12,0.0,0.0,1.0,0.0,0.0,1.0,0.0,2018Q1
2018-01-01,shift,1,69478.05,29.29,75.6,3786.79,19.0,20.0,0.0,0.0,23500.0,36.0,22.31,463.38,5.0,0.2563336676464009,0.08069217306644721,4.999315537303217,1,0,0,0,0,0,0,0,0,0,0,0,0,1,1,0,3,16,0.0,0.0,0.0,1.0,1.0,0.0,0.0,2018Q1
2018-01-01,shift,0,52344.13,25.95,68.3,16573.16,22.0,30.0,0.0,2.0,3500.0,36.0,24.17,116.83,2.0,0.06686518622049885,0.02678351899248302,32.75290896646133,0,0,0,0,0,0,0,0,0,0,0,0,1,0,0,0,4,23,0.0,0.0,1.0,0.0,0.0,0.0,1.0,2018Q1
2018-01-01,shift,1,80271.23,24.75,68.2,22742.95,4.0,30.0,0.0,4.0,9500.0,36.0,16.15,295.95,5.0,0.11834875334537667,0.04424250132955481,13.25119780971937,0,0,0,0,0,0,0,0,0,0,0,0,0,0,0,0,2,13,0.0,1.0,0.0,0.0,0.0,0.0,1.0,2018Q1
2018-01-01,shift,0,72516.95,31.99,68.8,8807.7,13.0,29.0,1.0,0.0,7500.0,36.0,19.11,239.8,2.0,0.10342409602168873,0.039681757161601536,9.83709787816564,0,0,0,0,0,0,0,0,0,0,0,0,1,0,0,0,2,13,1.0,0.0,0.0,0.0,1.0,0.0,0.0,2018Q1
2018-01-01,shift,0,55568.97,23.619999999999997,56.2,18447.4,6.0,42.0,1.0,1.0,13500.0,36.0,19.310000000000002,432.42,5.0,0.2429413393841923,0.0933801724235666,11.085557837097879,0,0,0,0,0,0,0,0,0,0,0,0,0,0,0,0,2,13,0.0,0.0,1.0,0.0,1.0,0.0,0.0,2018Q1
2018-01-01,shift,0,58940.03,39.84,60.8,6769.71,6.0,27.0,0.0,0.0,25500.0,36.0,10.95,757.59,2.0,0.4326431459230679,0.1542428804328739,20.0,0,0,0,0,0,0,0,0,0,0,0,0,1,0,0,0,0,2,0.0,1.0,0.0,0.0,0.0,1.0,0.0,2018Q1
2018-01-01,shift,1,63708.01,22.6,58.6,15675.94,18.0,11.0,1.0,0.0,28500.0,36.0,24.21,951.63,10.0,0.447353480355139,0.17924841789909934,17.67008898015058,0,0,0,0,0,0,0,0,0,0,0,0,0,0,0,0,4,20,0.0,0.0,0.0,1.0,1.0,0.0,0.0,2018Q1
2018-01-01,shift,0,69685.98,28.9,13.3,2892.69,13.0,46.0,0.0,0.0,2500.0,36.0,20.32,80.78,2.0,0.03587522195999827,0.013910402063657568,26.001368925393567,0,0,0,0,0,0,0,0,0,0,0,0,1,0,0,0,3,19,0.0,0.0,0.0,1.0,1.0,0.0,0.0,2018Q1
2018-01-01,shift,0,43176.7,35.08,52.2,8302.28,14.0,22.0,0.0,0.0,9500.0,36.0,17.57,299.71,0.0,0.22002607888050732,0.08329770454898128,2.754277891854894,0,0,0,0,0,0,0,0,0,0,0,0,0,0,0,0,2,13,0.0,0.0,0.0,1.0,0.0,1.0,0.0,2018Q1
2018-01-01,shift,1,78027.71,34.31,80.9,11291.88,6.0,38.0,0.0,0.0,22000.0,36.0,15.58,681.86,2.0,0.2819511171095499,0.1048642847521733,24.999315537303218,0,0,0,0,0,0,0,0,0,0,0,0,0,0,0,0,1,9,1.0,0.0,0.0,0.0,1.0,0.0,0.0,2018Q1
2018-01-01,shift,0,67116.31,28.8,83.3,9508.37,14.0,23.0,0.0,1.0,1500.0,36.0,18.41,47.67,0.0,0.022349262049716382,0.00852311457527984,14.915811088295689,0,0,0,0,0,0,0,0,0,0,0,0,0,0,0,0,2,10,0.0,0.0,0.0,1.0,1.0,0.0,0.0,2018Q1
2018-01-01,shift,1,44605.03,36.120000000000005,88.4,14648.52,20.0,12.0,0.0,0.0,1500.0,36.0,20.77,48.66,1.0,0.0336284943648732,0.01309090028635784,26.587268993839835,0,0,0,0,0,0,0,0,0,0,0,0,0,0,0,0,3,15,0.0,0.0,1.0,0.0,1.0,0.0,0.0,2018Q1
2018-01-01,shift,1,69478.05,37.05,59.8,7256.95,24.0,37.0,0.0,3.0,16000.0,36.0,23.1,529.35,1.0,0.2563336676464009,0.08069217306644721,14.001368925393566,1,0,0,0,0,0,0,0,0,0,0,0,0,1,1,0,4,23,0.0,1.0,0.0,0.0,1.0,0.0,0.0,2018Q1
2018-01-01,shift,0,93149.14,47.43,46.3,26008.9,23.0,20.0,0.0,1.0,3000.0,36.0,15.6,93.0,2.0,0.0322064165058314,0.011980786940169281,4.837782340862423,0,0,0,0,0,0,0,0,0,0,0,0,1,0,0,0,1,8,0.0,1.0,0.0,0.0,1.0,0.0,0.0,2018Q1
2018-01-01,shift,0,67014.79,14.75,58.4,8965.29,10.0,21.0,0.0,3.0,26500.0,36.0,21.3,518.06,2.0,0.39543509723749043,0.09276638783766986,10.25325119780972,0,0,0,0,0,0,0,0,0,0,0,0,1,0,0,0,3,18,0.0,1.0,0.0,0.0,0.0,0.0,1.0,2018Q1
2018-01-01,shift,1,44212.03,30.95,68.8,17014.72,10.0,16.0,1.0,1.0,2000.0,36.0,21.76,39.25,0.0,0.04523655665663848,0.010653209092638363,3.3347022587268995,0,0,0,0,0,0,0,0,0,0,0,0,0,0,0,0,3,18,0.0,0.0,1.0,0.0,0.0,1.0,0.0,2018Q1
2018-01-01,shift,0,64088.39,23.369999999999997,21.5,13088.37,22.0,13.0,0.0,1.0,3000.0,36.0,21.74,98.12,2.0,0.04681035051746502,0.01837212637109467,19.000684462696782,0,0,0,0,0,0,0,0,0,0,0,0,0,0,0,0,3,19,0.0,1.0,0.0,0.0,0.0,1.0,0.0,2018Q1
2018-01-01,shift,1,50060.16,34.489999999999995,87.6,15212.42,16.0,17.0,0.0,2.0,28500.0,36.0,18.27,542.78,2.0,0.5693150001917692,0.13011065086487936,26.915811088295687,0,0,0,0,0,0,0,0,0,0,0,0,0,0,0,0,2,12,0.0,0.0,0.0,1.0,0.0,1.0,0.0,2018Q1
2018-01-01,shift,0,54442.43,27.76,51.5,4725.44,12.0,11.0,0.0,1.0,34500.0,36.0,16.85,1081.52,10.0,0.6336969161736535,0.23838465696700167,14.168377823408624,0,0,0,0,0,0,0,0,0,0,0,0,0,0,0,0,2,11,0.0,0.0,1.0,0.0,0.0,0.0,1.0,2018Q1
2018-01-01,shift,0,91455.87,28.46,96.5,20764.32,2.0,48.0,0.0,2.0,14500.0,36.0,19.4,464.81,5.0,0.15854641150972595,0.06098810278662267,12.084873374401095,0,0,0,0,0,0,0,0,0,0,0,0,0,0,0,0,2,14,0.0,0.0,1.0,0.0,0.0,1.0,0.0,2018Q1
2018-01-01,shift,1,97355.71,18.89,43.0,16686.07,23.0,36.0,0.0,0.0,15000.0,36.0,19.880000000000003,482.82,0.0,0.1540741678120369,0.059512071762406124,19.753593429158112,0,0,0,0,0,0,0,0,0,0,0,0,0,0,0,0,3,16,0.0,1.0,0.0,0.0,0.0,1.0,0.0,2018Q1
2018-01-01,shift,0,47263.59,12.91,78.1,20107.51,6.0,49.0,0.0,4.0,15500.0,36.0,17.85,490.19,10.0,0.3279480039497635,0.1244569022370074,1.83709787816564,0,0,0,0,0,0,0,0,0,0,0,0,0,0,0,0,2,12,0.0,1.0,0.0,0.0,1.0,0.0,0.0,2018Q1
2018-01-01,shift,1,56540.7,40.7,73.7,7285.34,8.0,46.0,0.0,1.0,7500.0,36.0,15.88,233.09,2.0,0.13264780945407467,0.04947020464904043,19.915126625598905,0,0,0,0,0,0,0,0,0,0,0,0,0,0,0,0,1,7,0.0,1.0,0.0,0.0,0.0,0.0,1.0,2018Q1
2018-01-01,shift,0,56384.71,19.71,49.0,24968.31,24.0,26.0,2.0,2.0,11000.0,36.0,20.39,355.64,2.0,0.19508834930604413,0.07568860423331077,29.916495550992472,0,0,0,0,0,0,0,0,0,0,0,0,1,0,0,0,3,18,0.0,0.0,0.0,1.0,0.0,0.0,1.0,2018Q1
2018-01-01,shift,0,69478.05,25.86,56.1,29498.76,17.0,5.0,0.0,2.0,10000.0,36.0,17.91,316.41,0.0,0.2563336676464009,0.08069217306644721,14.001368925393566,1,0,0,0,0,0,0,0,0,0,0,0,0,1,1,0,2,14,0.0,0.0,1.0,0.0,0.0,1.0,0.0,2018Q1
2018-01-01,shift,1,46521.14,31.67,71.9,14906.56,5.0,27.0,0.0,0.0,21500.0,36.0,21.77,703.32,5.0,0.4621554845818482,0.18141945790666353,25.166324435318277,0,0,0,0,0,0,0,0,0,0,0,0,0,0,0,0,3,17,1.0,0.0,0.0,0.0,0.0,0.0,1.0,2018Q1
2018-01-01,shift,1,106669.89,20.03,31.7,4141.43,3.0,47.0,0.0,0.0,33500.0,36.0,26.25,1137.57,10.0,0.3140530097106128,0.12797275782322454,29.251197809719372,0,0,0,0,0,0,0,0,0,0,0,0,0,0,0,0,4,24,0.0,1.0,0.0,0.0,0.0,0.0,1.0,2018Q1
2018-01-01,shift,0,94488.75,18.84,53.4,0.0,17.0,19.0,0.0,0.0,20000.0,36.0,16.21,623.4,10.0,0.21166540990329535,0.0791713299202286,14.25325119780972,0,0,0,0,0,0,0,0,0,0,0,0,0,0,0,0,2,14,0.0,0.0,1.0,0.0,0.0,1.0,0.0,2018Q1
2018-01-01,shift,0,33674.2,26.29,22.9,7285.96,2.0,46.0,0.0,1.0,4000.0,36.0,15.6,124.0,1.0,0.11878530150679156,0.044188132160526465,30.001368925393567,0,0,0,0,0,0,0,0,0,0,0,0,0,0,0,0,1,5,0.0,0.0,1.0,0.0,0.0,1.0,0.0,2018Q1
2018-01-01,shift,1,75886.8,32.85,24.5,20520.52,21.0,52.0,0.0,2.0,19000.0,36.0,16.58,356.51,10.0,0.2503729238813601,0.056375021742911806,13.585215605749486,0,0,0,0,0,0,0,0,0,0,0,0,0,0,0,0,2,10,1.0,0.0,0.0,0.0,1.0,0.0,0.0,2018Q1
2018-01-01,shift,1,69705.88,31.75,41.0,14342.08,4.0,31.0,3.0,0.0,15000.0,36.0,24.46,301.14,2.0,0.21518988068151496,0.051841824534745125,1.5030800821355237,0,0,0,0,0,0,0,0,0,0,0,0,1,0,0,0,4,22,0.0,0.0,1.0,0.0,0.0,0.0,1.0,2018Q1
2018-01-01,shift,0,58208.71,15.219999999999999,51.2,14195.27,6.0,25.0,1.0,0.0,1500.0,36.0,19.02,28.75,2.0,0.025769339330832104,0.005926948046091385,15.419575633127995,0,0,0,0,0,0,0,0,0,0,0,0,1,0,0,0,2,12,1.0,0.0,0.0,0.0,0.0,0.0,1.0,2018Q1
2018-01-01,shift,1,37052.52,32.46,78.2,32692.44,7.0,27.0,0.0,1.0,9000.0,36.0,17.97,284.92,5.0,0.24289845872831323,0.09227550514782802,23.50444900752909,0,0,0,0,0,0,0,0,0,0,0,0,0,0,0,0,2,13,1.0,0.0,0.0,0.0,1.0,0.0,0.0,2018Q1
2018-01-01,shift,1,25344.39,25.22,94.5,20950.46,11.0,40.0,0.0,4.0,4000.0,36.0,20.75,129.72,10.0,0.15782585416338685,0.06141950940622363,21.251197809719372,0,0,0,0,0,0,0,0,0,0,0,0,0,0,0,0,3,16,0.0,0.0,0.0,1.0,0.0,0.0,1.0,2018Q1
2018-01-01,shift,1,45187.5,28.19,28.1,930.04,3.0,44.0,0.0,3.0,8500.0,36.0,19.82,273.46,0.0,0.18810511756569848,0.07262008298755186,4.334017796030117,0,0,0,0,0,0,0,0,0,0,0,0,0,0,0,0,3,18,0.0,0.0,0.0,1.0,0.0,0.0,1.0,2018Q1
2018-01-01,shift,1,72582.6,33.629999999999995,32.5,21433.6,11.0,7.0,0.0,1.0,30000.0,36.0,21.61,980.08,1.0,0.4133222011887146,0.16203552917641417,25.503080082135522,0,0,0,0,0,0,0,0,0,0,0,0,0,0,0,0,3,18,0.0,0.0,0.0,1.0,0.0,1.0,0.0,2018Q1
2018-01-01,shift,0,69478.05,31.17,87.5,18459.38,18.0,36.0,0.0,2.0,19000.0,36.0,18.28,603.13,2.0,0.2563336676464009,0.08069217306644721,32.251882272416154,1,0,0,0,0,0,0,0,0,0,0,0,0,1,1,0,2,10,0.0,0.0,0.0,1.0,0.0,0.0,1.0,2018Q1
2018-01-01,shift,0,96808.99,26.46,69.8,17844.71,13.0,16.0,0.0,0.0,17500.0,36.0,16.57,547.19,0.0,0.1807683356679994,0.06782717183600408,6.0013689253935665,0,0,0,0,0,0,0,0,0,0,0,0,0,0,0,0,2,12,0.0,1.0,0.0,0.0,1.0,0.0,0.0,2018Q1
2018-01-01,shift,1,62710.28,44.09,45.7,19500.87,7.0,38.0,0.0,2.0,13500.0,36.0,18.64,429.91,2.0,0.21527570918197145,0.08226593789726343,13.503080082135524,0,0,0,0,0,0,0,0,0,0,0,0,0,0,0,0,2,12,1.0,0.0,0.0,0.0,0.0,1.0,0.0,2018Q1
2018-01-01,shift,0,110427.54,39.22,43.9,31688.4,15.0,28.0,0.0,0.0,1000.0,36.0,19.42,32.06,0.0,0.009055712008073348,0.003483913523745979,23.16769336071184,0,0,0,0,0,0,0,0,0,0,0,0,0,0,0,0,2,13,0.0,1.0,0.0,0.0,0.0,1.0,0.0,2018Q1
2018-01-01,shift,1,72912.28,32.269999999999996,69.4,4859.36,11.0,38.0,0.0,3.0,22000.0,36.0,21.46,430.69,10.0,0.30173243793775206,0.07088353292476933,28.16700889801506,0,0,0,0,0,0,0,0,0,0,0,0,0,0,0,0,3,15,0.0,0.0,1.0,0.0,0.0,1.0,0.0,2018Q1
2018-01-01,shift,1,95488.62,31.36,41.6,25220.91,2.0,43.0,0.0,0.0,5000.0,36.0,23.61,166.13,2.0,0.05236226055000062,0.020877461628411847,4.167008898015058,0,0,0,0,0,0,0,0,0,0,0,0,0,0,0,0,4,21,1.0,0.0,0.0,0.0,0.0,0.0,1.0,2018Q1
2018-01-01,shift,1,91060.16,34.480000000000004,72.7,10580.66,3.0,41.0,1.0,2.0,25000.0,36.0,26.43,510.11,10.0,0.2745437741378886,0.06722281182022961,8.0,0,0,0,0,0,0,0,0,0,0,0,0,0,0,0,0,4,20,0.0,0.0,1.0,0.0,0.0,1.0,0.0,2018Q1
2018-01-01,shift,0,87637.6,12.68,76.0,21468.43,19.0,27.0,0.0,1.0,1500.0,36.0,21.81,49.09,5.0,0.0171159411029056,0.0067217723899330875,22.915811088295687,0,0,0,0,0,0,0,0,0,0,0,0,0,0,0,0,3,18,0.0,0.0,1.0,0.0,0.0,1.0,0.0,2018Q1
2018-01-01,shift,0,64833.67,25.98,45.9,10952.66,14.0,12.0,2.0,2.0,32500.0,36.0,17.86,1027.94,0.0,0.501282743981638,0.19026040019020984,4.837782340862423,0,0,0,0,0,0,0,0,0,0,0,0,0,0,0,0,2,14,0.0,0.0,1.0,0.0,1.0,0.0,0.0,2018Q1
2018-01-01,shift,1,66017.99,27.1,76.2,19181.78,22.0,37.0,0.0,0.0,12500.0,36.0,20.43,404.26,2.0,0.18934232926509878,0.07348178882756047,29.585215605749486,0,0,0,0,0,0,0,0,0,0,0,0,0,0,0,0,3,16,1.0,0.0,0.0,0.0,1.0,0.0,0.0,2018Q1
2018-01-01,shift,0,95910.62,18.18,69.1,8195.7,11.0,16.0,0.0,1.0,25500.0,36.0,20.28,823.67,5.0,0.26587253841128333,0.1030546982179867,15.671457905544148,0,0,0,0,0,0,0,0,0,0,0,0,0,0,0,0,3,15,1.0,0.0,0.0,0.0,0.0,1.0,0.0,2018Q1
2018-01-01,shift,1,69478.05,28.89,22.8,11109.5,18.0,40.0,0.0,1.0,17500.0,36.0,21.2,569.73,2.0,0.2563336676464009,0.08069217306644721,4.084873374401095,1,0,0,0,0,0,0,0,0,0,0,0,1,1,1,0,3,16,0.0,1.0,0.0,0.0,0.0,0.0,1.0,2018Q1
2018-01-01,shift,0,79570.59,28.8,65.2,19292.08,14.0,48.0,0.0,0.0,21000.0,36.0,20.53,679.74,2.0,0.2639166053688932,0.10251124190482942,17.333333333333332,0,0,0,0,0,0,0,0,0,0,0,0,1,0,0,0,3,15,1.0,0.0,0.0,0.0,0.0,1.0,0.0,2018Q1
2018-01-01,shift,0,72392.81,24.06,56.3,23943.0,24.0,10.0,0.0,2.0,9500.0,36.0,13.94,290.13,2.0,0.13122850183602489,0.0480926213528664,7.167693360711842,0,0,0,0,0,0,0,0,0,0,0,0,0,0,0,0,1,7,0.0,1.0,0.0,0.0,1.0,0.0,0.0,2018Q1
2018-01-01,shift,1,89829.52,23.189999999999998,48.3,0.0,2.0,36.0,0.0,0.0,3000.0,36.0,18.54,57.27,2.0,0.03339659390365216,0.0076504917314486375,32.99931553730322,0,0,0,0,0,0,0,0,0,0,0,0,1,0,0,0,2,11,0.0,0.0,1.0,0.0,0.0,1.0,0.0,2018Q1
2018-01-01,shift,0,64649.97,23.71,36.8,9810.49,12.0,16.0,0.0,0.0,6000.0,36.0,22.51,118.51,2.0,0.0928074676600778,0.02199722598479164,30.50513347022587,0,0,0,0,0,0,0,0,0,0,0,0,1,0,0,0,3,17,0.0,0.0,1.0,0.0,1.0,0.0,0.0,2018Q1
2018-01-01,shift,1,50671.79,27.95,42.5,11128.36,24.0,19.0,0.0,1.0,28000.0,36.0,15.16,864.56,10.0,0.5525757033647322,0.2047435071861483,4.670773442847365,0,0,0,0,0,0,0,0,0,0,0,0,0,0,0,0,1,6,0.0,1.0,0.0,0.0,0.0,1.0,0.0,2018Q1
2018-01-01,shift,0,111942.35,31.34,52.4,29341.35,22.0,23.0,0.0,4.0,7000.0,36.0,19.11,223.83,2.0,0.06253218732678026,0.023994136267462673,18.587268993839835,0,0,0,0,0,0,0,0,0,0,0,0,1,0,0,0,2,11,0.0,0.0,0.0,1.0,1.0,0.0,0.0,2018Q1
2018-01-01,shift,0,62035.71,22.02,82.3,16804.96,5.0,31.0,0.0,2.0,15500.0,36.0,18.54,493.17,0.0,0.24985609095148584,0.09539731228996977,28.084873374401095,0,0,0,0,0,0,0,0,0,0,0,0,0,0,0,0,2,11,0.0,1.0,0.0,0.0,1.0,0.0,0.0,2018Q1
2018-01-01,shift,0,55957.57,30.23,13.9,22256.97,3.0,32.0,0.0,1.0,33500.0,36.0,16.43,627.72,2.0,0.5986678835410473,0.13461342227691445,13.585215605749486,0,0,0,0,0,0,0,0,0,0,0,0,0,0,0,0,2,10,1.0,0.0,0.0,0.0,0.0,0.0,1.0,2018Q1
2018-01-01,shift,0,80861.97,34.31,43.4,4109.16,23.0,49.0,1.0,2.0,22000.0,36.0,21.72,719.4,1.0,0.2720685632566211,0.10675970422189812,14.505133470225873,0,0,0,0,0,0,0,0,0,0,0,0,0,0,0,0,3,18,1.0,0.0,0.0,0.0,0.0,0.0,1.0,2018Q1
2018-01-01,shift,1,58493.77,34.129999999999995,81.0,0.0,16.0,11.0,0.0,0.0,23000.0,36.0,18.619999999999997,439.38,2.0,0.393204267736547,0.09013883016943514,28.334017796030118,0,0,0,0,0,0,0,0,0,0,0,0,1,0,0,0,2,12,1.0,0.0,0.0,0.0,0.0,1.0,0.0,2018Q1
2018-01-01,shift,0,66351.22,28.42,45.9,0.0,3.0,10.0,0.0,0.0,11500.0,36.0,15.73,356.93,10.0,0.17332009871107118,0.06455284469524449,16.83778234086242,0,0,0,0,0,0,0,0,0,0,0,0,0,0,0,0,1,5,0.0,0.0,0.0,1.0,0.0,1.0,0.0,2018Q1
2018-01-01,shift,0,69478.05,25.13,42.6,10880.21,21.0,30.0,0.0,2.0,4000.0,36.0,26.98,136.65,10.0,0.2563336676464009,0.08069217306644721,29.333333333333332,1,0,0,0,0,0,0,0,0,0,0,0,0,1,1,0,5,25,0.0,1.0,0.0,0.0,1.0,0.0,0.0,2018Q1
2018-01-01,shift,0,91703.21,26.56,22.8,9220.63,10.0,7.0,0.0,1.0,32500.0,36.0,20.01,1047.32,10.0,0.3544041697122707,0.13704907385466658,4.837782340862423,0,0,0,0,0,0,0,0,0,0,0,0,0,0,0,0,3,18,0.0,0.0,0.0,1.0,0.0,0.0,1.0,2018Q1
2018-01-01,shift,0,48478.87,21.16,63.2,14361.3,21.0,22.0,0.0,4.0,10000.0,36.0,18.18,317.17,10.0,0.20627543505036317,0.07850925568190842,32.75290896646133,0,0,0,0,0,0,0,0,0,0,0,0,0,0,0,0,2,13,0.0,0.0,1.0,0.0,0.0,1.0,0.0,2018Q1
2018-01-01,shift,1,65099.52,24.75,63.1,24783.19,20.0,48.0,0.0,1.0,33000.0,36.0,18.380000000000003,629.09,1.0,0.5069161800271339,0.11596214534300714,16.670773442847366,0,0,0,0,0,0,0,0,0,0,0,0,0,0,0,0,2,13,0.0,0.0,0.0,1.0,0.0,1.0,0.0,2018Q1
2018-01-01,shift,1,94527.65,34.2,50.6,25841.34,17.0,15.0,1.0,2.0,33000.0,36.0,26.02,1118.5,1.0,0.3491042039022445,0.14199020075078564,32.0848733744011,0,0,0,0,0,0,0,0,0,0,0,0,0,0,0,0,4,21,0.0,0.0,1.0,0.0,0.0,1.0,0.0,2018Q1
2018-01-01,shift,0,53353.71,28.94,59.6,12900.79,8.0,46.0,0.0,1.0,26500.0,36.0,18.78,506.94,0.0,0.49668523519732743,0.11401793802155465,1.7522245037645447,0,0,0,0,0,0,0,0,0,0,0,0,0,0,0,0,2,10,1.0,0.0,0.0,0.0,0.0,0.0,1.0,2018Q1
2018-01-01,shift,1,25713.51,27.52,30.0,9314.67,17.0,34.0,1.0,0.0,27500.0,36.0,19.66,883.49,2.0,1.069476706991772,0.41230777128443374,8.914442162902121,0,0,0,0,0,0,0,0,0,0,0,0,1,0,0,0,3,16,0.0,1.0,0.0,0.0,1.0,0.0,0.0,2018Q1
2018-01-01,shift,1,79548.7,22.03,64.2,0.0,5.0,23.0,0.0,0.0,13500.0,36.0,22.25,266.07,2.0,0.16970736165393024,0.04013692241356553,11.671457905544148,0,0,0,0,0,0,0,0,0,0,0,0,1,0,0,0,3,18,0.0,1.0,0.0,0.0,0.0,0.0,1.0,2018Q1
2018-01-01,shift,1,63168.27,39.41,36.3,6289.2,5.0,27.0,0.0,4.0,21500.0,36.0,19.130000000000003,687.56,2.0,0.34036075390381915,0.13061494323020084,28.999315537303218,0,0,0,0,0,0,0,0,0,0,0,0,1,0,0,0,2,14,0.0,0.0,0.0,1.0,0.0,1.0,0.0,2018Q1
2018-01-01,shift,1,64050.57,28.04,79.3,14311.46,12.0,28.0,0.0,1.0,20000.0,36.0,21.1,650.54,2.0,0.3122532711262367,0.1218799457990772,16.418891170431213,0,0,0,0,0,0,0,0,0,0,0,0,1,0,0,0,3,17,0.0,0.0,1.0,0.0,0.0,0.0,1.0,2018Q1
2018-01-01,shift,1,73306.12,32.9,55.6,17659.12,7.0,30.0,0.0,1.0,11500.0,36.0,19.39,368.6,5.0,0.15687639722304222,0.06033875479973569,22.67214236824093,0,0,0,0,0,0,0,0,0,0,0,0,0,0,0,0,2,11,1.0,0.0,0.0,0.0,0.0,1.0,0.0,2018Q1
2018-01-01,shift,0,47912.73,29.03,54.2,0.0,3.0,35.0,0.0,3.0,25500.0,36.0,20.45,824.88,2.0,0.5322176381934404,0.2065956166555318,20.752908966461327,0,0,0,0,0,0,0,0,0,0,0,0,0,0,0,0,3,19,1.0,0.0,0.0,0.0,1.0,0.0,0.0,2018Q1
2018-01-01,shift,1,69478.05,39.44,42.9,15107.03,4.0,38.0,0.0,1.0,27000.0,36.0,22.66,889.98,1.0,0.2563336676464009,0.08069217306644721,30.915811088295687,1,0,0,0,0,0,0,0,0,0,0,0,0,1,1,0,3,17,0.0,0.0,0.0,1.0,0.0,0.0,1.0,2018Q1
2018-01-01,shift,0,102952.77,35.96,64.6,26479.18,22.0,33.0,0.0,2.0,20500.0,36.0,14.4,628.64,10.0,0.19912043163093135,0.07327321061881092,30.754277891854894,0,0,0,0,0,0,0,0,0,0,0,0,0,0,0,0,1,5,0.0,0.0,0.0,1.0,0.0,1.0,0.0,2018Q1
2018-01-01,shift,1,77434.54,30.16,14.6,2704.89,6.0,35.0,0.0,2.0,9000.0,36.0,19.33,288.32,0.0,0.11622720300269106,0.04468083622631451,16.999315537303218,0,0,0,0,0,0,0,0,0,0,0,0,0,0,0,0,2,11,1.0,0.0,0.0,0.0,0.0,1.0,0.0,2018Q1
2018-01-01,shift,1,77265.21,36.11,36.8,27082.8,16.0,25.0,0.0,1.0,23000.0,36.0,19.39,737.21,2.0,0.2976760174469208,0.11449551486367537,31.838466803559207,0,0,0,0,0,0,0,0,0,0,0,0,0,0,0,0,2,12,0.0,0.0,0.0,1.0,1.0,0.0,0.0,2018Q1
2018-01-01,shift,1,79709.9,22.369999999999997,37.5,26952.97,17.0,44.0,0.0,0.0,11000.0,36.0,20.34,355.5,2.0,0.1380004240376666,0.053519073540425975,5.585215605749487,0,0,0,0,0,0,0,0,0,0,0,0,1,0,0,0,3,18,1.0,0.0,0.0,0.0,0.0,1.0,0.0,2018Q1
2018-01-01,shift,0,54400.94,21.29,71.9,6894.46,24.0,45.0,0.0,1.0,2500.0,36.0,15.78,77.63,2.0,0.04595508827604817,0.017123968813774173,28.999315537303218,0,0,0,0,0,0,0,0,0,0,0,0,1,0,0,0,1,8,1.0,0.0,0.0,0.0,0.0,0.0,1.0,2018Q1
2018-01-01,shift,1,58498.62,35.010000000000005,17.9,23749.94,21.0,22.0,1.0,3.0,30500.0,36.0,20.46,592.0,2.0,0.5213798205838018,0.1214387621451583,5.333333333333333,0,0,0,0,0,0,0,0,0,0,0,0,0,0,0,0,3,15,0.0,0.0,1.0,0.0,0.0,1.0,0.0,2018Q1
2018-01-01,shift,0,81503.73,23.990000000000002,76.5,13225.39,18.0,27.0,0.0,4.0,15000.0,36.0,17.009999999999998,470.86,2.0,0.1840406567895727,0.06932590692475056,15.75359342915811,0,0,0,0,0,0,0,0,0,0,0,0,1,0,0,0,2,13,0.0,0.0,1.0,0.0,0.0,0.0,1.0,2018Q1
2018-01-01,shift,0,100532.34,24.23,73.2,14324.99,8.0,12.0,0.0,2.0,3000.0,36.0,14.37,91.97,5.0,0.029841143655862382,0.010977959928118654,4.503764544832307,0,0,0,0,0,0,0,0,0,0,0,0,0,0,0,0,1,9,1.0,0.0,0.0,0.0,0.0,0.0,1.0,2018Q1
2018-01-01,shift,1,48458.07,32.5,66.0,13547.96,2.0,37.0,0.0,1.0,13000.0,36.0,22.8,257.4,5.0,0.26827316894791725,0.06374170494202513,15.838466803559205,0,0,0,0,0,0,0,0,0,0,0,0,0,0,0,0,3,17,0.0,1.0,0.0,0.0,1.0,0.0,0.0,2018Q1
2018-01-01,shift,1,36289.31,15.61,67.8,12330.87,12.0,24.0,0.0,3.0,4500.0,36.0,17.41,141.76,1.0,0.12400345997209647,0.04687661462838505,31.838466803559207,0,0,0,0,0,0,0,0,0,0,0,0,0,0,0,0,2,12,0.0,0.0,1.0,0.0,1.0,0.0,0.0,2018Q1
2018-01-01,shift,1,43603.63,31.45,37.3,18861.28,11.0,21.0,0.0,2.0,4000.0,36.0,17.130000000000003,125.7,2.0,0.09173548165599975,0.034593450132477506,9.084188911704311,0,0,0,0,0,0,0,0,0,0,0,0,1,0,0,0,2,11,0.0,0.0,0.0,1.0,0.0,1.0,0.0,2018Q1
2018-01-01,shift,0,69478.05,24.35,40.7,31808.05,12.0,34.0,0.0,2.0,5500.0,36.0,18.509999999999998,174.94,10.0,0.2563336676464009,0.08069217306644721,18.420260095824776,1,0,0,0,0,0,0,0,0,0,0,0,0,1,1,0,2,12,0.0,1.0,0.0,0.0,0.0,1.0,0.0,2018Q1
2018-01-01,shift,0,48016.83,51.44,36.7,32578.09,21.0,50.0,0.0,2.0,16000.0,36.0,21.41,521.82,2.0,0.33321649929826685,0.13040927524786622,2.839151266255989,0,0,0,0,0,0,0,0,0,0,0,0,0,0,0,0,3,17,0.0,1.0,0.0,0.0,0.0,0.0,1.0,2018Q1
2018-01-01,shift,0,49882.97,22.939999999999998,66.3,26167.91,14.0,16.0,0.0,0.0,15500.0,36.0,12.87,281.25,5.0,0.31072728829097385,0.06765836116013141,16.16700889801506,0,0,0,0,0,0,0,0,0,0,0,0,0,0,0,0,1,7,1.0,0.0,0.0,0.0,0.0,0.0,1.0,2018Q1
2018-01-01,shift,1,37684.4,17.71,65.8,16936.67,4.0,15.0,2.0,3.0,16000.0,36.0,19.869999999999997,308.98,2.0,0.424578870832493,0.09838978463236778,15.16769336071184,0,0,0,0,0,0,0,0,0,0,0,0,1,0,0,0,3,15,0.0,0.0,1.0,0.0,1.0,0.0,0.0,2018Q1
2018-01-01,shift,0,48893.03,30.85,80.0,10581.65,11.0,17.0,0.0,2.0,11000.0,36.0,19.259999999999998,352.18,10.0,0.2249809430914795,0.0864368602232261,18.587268993839835,0,0,0,0,0,0,0,0,0,0,0,0,0,0,0,0,2,10,0.0,1.0,0.0,0.0,0.0,0.0,1.0,2018Q1
2018-01-01,shift,0,88617.11,27.28,41.3,14946.88,16.0,31.0,0.0,1.0,10000.0,36.0,22.11,328.09,2.0,0.1128450250747288,0.04442798913212132,3.0006844626967832,0,0,0,0,0,0,0,0,0,0,0,0,0,0,0,0,3,19,0.0,0.0,1.0,0.0,0.0,1.0,0.0,2018Q1
2018-01-01,shift,0,36081.84,35.730000000000004,45.3,13732.27,22.0,7.0,1.0,2.0,32500.0,36.0,19.11,1039.22,10.0,0.9007301179762452,0.345620955028901,27.838466803559207,0,0,0,0,0,0,0,0,0,0,0,0,0,0,0,0,2,13,1.0,0.0,0.0,0.0,0.0,1.0,0.0,2018Q1
2018-01-01,shift,0,77465.36,30.65,58.1,20135.39,11.0,20.0,0.0,1.0,29500.0,36.0,24.91,594.48,0.0,0.3808153734779003,0.09208967724412563,30.67214236824093,0,0,0,0,0,0,0,0,0,0,0,0,0,0,0,0,4,24,1.0,0.0,0.0,0.0,1.0,0.0,0.0,2018Q1
2018-01-01,shift,0,56661.8,18.36,26.1,19360.14,24.0,8.0,0.0,1.0,14500.0,36.0,18.28,276.18,2.0,0.25590433060721685,0.058490199746566475,5.503080082135524,0,0,0,0,0,0,0,0,0,0,0,0,0,0,0,0,2,10,0.0,1.0,0.0,0.0,0.0,1.0,0.0,2018Q1
2018-01-01,shift,0,68876.8,26.92,52.8,5619.33,6.0,8.0,0.0,2.0,18500.0,36.0,20.46,598.49,2.0,0.2685955212785727,0.10427139472217059,19.915126625598905,0,0,0,0,0,0,0,0,0,0,0,0,1,0,0,0,3,15,1.0,0.0,0.0,0.0,1.0,0.0,0.0,2018Q1
2018-01-01,shift,0,52108.0,18.259999999999998,82.5,12942.41,14.0,7.0,0.0,1.0,24000.0,36.0,20.16,464.64,1.0,0.4605818684271129,0.10700237967298688,27.753593429158112,0,0,0,0,0,0,0,0,0,0,0,0,0,0,0,0,3,19,0.0,0.0,1.0,0.0,1.0,0.0,0.0,2018Q1
2018-01-01,shift,1,53781.98,14.93,67.3,10253.58,16.0,7.0,1.0,1.0,30500.0,36.0,21.22,595.88,10.0,0.5671044465079196,0.13295456954169407,6.335386721423682,0,0,0,0,0,0,0,0,0,0,0,0,0,0,0,0,3,16,0.0,0.0,0.0,1.0,0.0,0.0,1.0,2018Q1
2018-01-01,shift,1,49600.8,22.46,47.5,18195.24,20.0,39.0,0.0,0.0,13500.0,36.0,18.36,428.85,0.0,0.2721730294672666,0.10375235883292204,19.252566735112936,0,0,0,0,0,0,0,0,0,0,0,0,0,0,0,0,2,13,0.0,0.0,1.0,0.0,0.0,1.0,0.0,2018Q1
2018-01-01,shift,1,64299.51,35.46,51.8,15991.22,13.0,5.0,3.0,1.0,29500.0,36.0,13.82,899.87,1.0,0.4587904324620825,0.16793969347511356,30.086242299794662,0,0,0,0,0,0,0,0,0,0,0,0,0,0,0,0,1,7,0.0,0.0,1.0,0.0,1.0,0.0,0.0,2018Q1
2018-01-01,shift,1,23052.92,40.18,36.6,23182.44,6.0,49.0,0.0,2.0,30500.0,36.0,19.009999999999998,974.41,1.0,1.3230428075922704,0.5072207772377643,28.084873374401095,0,0,0,0,0,0,0,0,0,0,0,0,0,0,0,0,2,14,0.0,0.0,0.0,1.0,0.0,0.0,1.0,2018Q1
2018-01-01,shift,0,73924.14,22.21,51.9,11248.3,18.0,18.0,0.0,0.0,29500.0,36.0,26.18,1001.17,0.0,0.3990577367555443,0.16251849531154502,25.166324435318277,0,0,0,0,0,0,0,0,0,0,0,0,0,0,0,0,4,20,0.0,1.0,0.0,0.0,0.0,0.0,1.0,2018Q1
2018-01-01,shift,0,80101.32,31.33,35.5,27300.41,21.0,17.0,1.0,1.0,19000.0,36.0,17.77,360.27,2.0,0.23719958672341476,0.053972144279270294,13.418206707734429,0,0,0,0,0,0,0,0,0,0,0,0,1,0,0,0,2,10,0.0,1.0,0.0,0.0,0.0,1.0,0.0,2018Q1
2018-01-01,shift,1,65209.6,21.39,3.1,30624.0,10.0,8.0,0.0,0.0,2000.0,36.0,16.380000000000003,62.43,1.0,0.030670330748846796,0.011488492491903033,10.335386721423683,0,0,0,0,0,0,0,0,0,0,0,0,0,0,0,0,2,13,0.0,0.0,1.0,0.0,0.0,1.0,0.0,2018Q1
2018-01-01,shift,0,71263.23,28.96,34.1,24077.44,17.0,50.0,0.0,0.0,17500.0,36.0,18.880000000000003,558.42,2.0,0.24556843690638216,0.09403222391126531,26.086242299794662,0,0,0,0,0,0,0,0,0,0,0,0,1,0,0,0,2,14,0.0,0.0,0.0,1.0,0.0,1.0,0.0,2018Q1
2018-01-01,shift,0,83820.18,41.06,82.1,11200.23,2.0,13.0,1.0,0.0,8000.0,36.0,15.74,248.32,2.0,0.09544241016900704,0.035550388939751744,15.3347022587269,0,0,0,0,0,0,0,0,0,0,0,0,1,0,0,0,1,9,0.0,0.0,0.0,1.0,0.0,0.0,1.0,2018Q1
2018-01-01,shift,1,68081.21,20.21,57.7,12626.86,13.0,34.0,0.0,2.0,11500.0,36.0,16.22,358.48,2.0,0.16891591674119774,0.06318571600005346,31.915126625598905,0,0,0,0,0,0,0,0,0,0,0,0,1,0,0,0,2,11,0.0,0.0,0.0,1.0,0.0,1.0,0.0,2018Q1
2018-01-01,shift,1,78324.93,38.83,78.7,11864.17,24.0,30.0,0.0,4.0,5000.0,36.0,19.07,159.81,10.0,0.06383663541097324,0.02448415849206632,10.001368925393566,0,0,0,0,0,0,0,0,0,0,0,0,0,0,0,0,2,10,0.0,0.0,0.0,1.0,1.0,0.0,0.0,2018Q1
2018-01-01,shift,1,39997.44,41.29,61.6,11487.43,13.0,47.0,1.0,1.0,17500.0,36.0,26.79,596.92,0.0,0.43752800179211465,0.1790874615975422,26.915811088295687,0,0,0,0,0,0,0,0,0,0,0,0,0,0,0,0,5,26,0.0,0.0,0.0,1.0,0.0,1.0,0.0,2018Q1
2018-01-01,shift,1,69478.05,29.25,72.1,16555.01,24.0,26.0,0.0,0.0,23500.0,36.0,21.1,764.42,10.0,0.2563336676464009,0.08069217306644721,15.252566735112936,1,0,0,0,0,0,0,0,0,0,0,0,0,1,1,0,3,16,0.0,0.0,1.0,0.0,0.0,0.0,1.0,2018Q1
2018-01-01,shift,1,36611.67,31.98,72.1,4296.09,5.0,44.0,0.0,1.0,16000.0,36.0,19.6,513.77,1.0,0.4370191253226089,0.16839548701274756,32.75290896646133,0,0,0,0,0,0,0,0,0,0,0,0,0,0,0,0,3,17,0.0,1.0,0.0,0.0,1.0,0.0,0.0,2018Q1
2018-01-01,shift,1,69085.04,24.63,7.7,12853.8,4.0,20.0,0.0,1.0,6500.0,36.0,20.02,209.48,1.0,0.0940869398063604,0.036386459355021,29.418206707734427,0,0,0,0,0,0,0,0,0,0,0,0,0,0,0,0,3,18,0.0,0.0,1.0,0.0,1.0,0.0,0.0,2018Q1
2018-01-01,shift,0,21657.47,22.82,38.5,11892.76,14.0,49.0,0.0,2.0,25000.0,36.0,14.36,766.38,2.0,1.1543361251337299,0.4246368573983942,18.253251197809718,0,0,0,0,0,0,0,0,0,0,0,0,0,0,0,0,1,8,0.0,0.0,0.0,1.0,1.0,0.0,0.0,2018Q1
2018-01-01,shift,0,83080.15,37.31,31.7,3270.45,7.0,48.0,0.0,4.0,5000.0,36.0,19.380000000000003,96.15,10.0,0.06018284752735762,0.013887793895413046,19.838466803559207,0,0,0,0,0,0,0,0,0,0,0,0,0,0,0,0,2,12,1.0,0.0,0.0,0.0,0.0,0.0,1.0,2018Q1
2018-01-01,shift,0,70107.97,19.75,71.3,17975.1,16.0,21.0,0.0,1.0,23500.0,36.0,21.04,764.03,5.0,0.3351972678712563,0.13077486054723877,12.41889117043121,0,0,0,0,0,0,0,0,0,0,0,0,0,0,0,0,3,19,0.0,0.0,1.0,0.0,0.0,1.0,0.0,2018Q1
2018-01-01,shift,1,60500.44,21.61,37.1,12620.57,13.0,25.0,0.0,1.0,9500.0,36.0,13.48,288.91,0.0,0.15702365139823776,0.05730404605321879,16.0,0,0,0,0,0,0,0,0,0,0,0,0,0,0,0,0,1,6,0.0,0.0,0.0,1.0,0.0,0.0,1.0,2018Q1
2018-01-01,shift,1,57265.08,31.67,98.5,15219.82,8.0,8.0,0.0,0.0,15000.0,36.0,19.52,481.34,2.0,0.2619397370963247,0.10086565844315593,29.166324435318277,0,0,0,0,0,0,0,0,0,0,0,0,1,0,0,0,3,18,0.0,0.0,0.0,1.0,0.0,0.0,1.0,2018Q1
2018-01-01,shift,0,75628.89,29.02,75.6,0.0,14.0,26.0,1.0,0.0,19500.0,36.0,20.88,633.08,2.0,0.25783797699529903,0.1004505024468824,12.58590006844627,0,0,0,0,0,0,0,0,0,0,0,0,0,0,0,0,3,19,0.0,1.0,0.0,0.0,0.0,0.0,1.0,2018Q1
2018-01-01,shift,1,85765.62,27.23,68.4,18969.04,15.0,23.0,0.0,1.0,29000.0,36.0,21.08,943.13,5.0,0.3381308267811741,0.13195916965329466,29.503080082135522,0,0,0,0,0,0,0,0,0,0,0,0,0,0,0,0,3,15,0.0,0.0,1.0,0.0,1.0,0.0,0.0,2018Q1
2018-01-01,shift,1,60188.33,39.620000000000005,53.7,18697.44,5.0,15.0,0.0,0.0,11500.0,36.0,18.759999999999998,219.95,2.0,0.19106693938841632,0.04385235476711182,18.754277891854894,0,0,0,0,0,0,0,0,0,0,0,0,0,0,0,0,2,11,1.0,0.0,0.0,0.0,0.0,1.0,0.0,2018Q1
2018-01-01,shift,0,101077.57,26.56,42.5,21093.41,23.0,33.0,0.0,1.0,3000.0,36.0,24.51,100.42,2.0,0.02968017533464645,0.011921932828420785,28.999315537303218,0,0,0,0,0,0,0,0,0,0,0,0,1,0,0,0,4,21,0.0,1.0,0.0,0.0,0.0,1.0,0.0,2018Q1
2018-01-01,shift,0,74216.17,38.64,72.7,19298.25,6.0,40.0,0.0,3.0,26500.0,36.0,16.810000000000002,830.42,2.0,0.3570650439115896,0.13427046962946215,18.50513347022587,0,0,0,0,0,0,0,0,0,0,0,0,1,0,0,0,2,13,0.0,0.0,1.0,0.0,0.0,1.0,0.0,2018Q1
2018-01-01,shift,0,74471.85,17.72,96.8,37215.13,15.0,41.0,0.0,1.0,8000.0,36.0,19.07,255.72,2.0,0.10742314042151496,0.041205368202884715,2.3353867214236823,0,0,0,0,0,0,0,0,0,0,0,0,1,0,0,0,2,11,1.0,0.0,0.0,0.0,1.0,0.0,0.0,2018Q1
2018-01-01,shift,1,39029.43,25.49,57.3,15073.28,23.0,32.0,0.0,0.0,11000.0,36.0,21.15,357.97,2.0,0.28183860230600344,0.11006156123725098,20.83778234086242,0,0,0,0,0,0,0,0,0,0,0,0,1,0,0,0,3,19,1.0,0.0,0.0,0.0,1.0,0.0,0.0,2018Q1
2018-01-01,shift,1,54527.5,30.69,62.8,13314.16,16.0,35.0,0.0,0.0,8000.0,36.0,22.45,157.93,1.0,0.14671496034111228,0.034756040530007797,5.916495550992471,0,0,0,0,0,0,0,0,0,0,0,0,0,0,0,0,3,15,0.0,0.0,1.0,0.0,0.0,0.0,1.0,2018Q1
2018-01-01,shift,0,92683.75,36.489999999999995,53.1,2568.18,14.0,42.0,0.0,0.0,12500.0,36.0,23.64,415.41,5.0,0.13486722321874114,0.053784185469405374,17.084188911704313,0,0,0,0,0,0,0,0,0,0,0,0,0,0,0,0,4,23,0.0,1.0,0.0,0.0,1.0,0.0,0.0,2018Q1
2018-01-01,shift,0,73363.37,24.8,80.4,4471.73,5.0,18.0,1.0,0.0,12000.0,36.0,25.84,243.68,2.0,0.1635693671105894,0.03985858337750842,19.586584531143053,0,0,0,0,0,0,0,0,0,0,0,0,1,0,0,0,4,23,0.0,0.0,0.0,1.0,0.0,0.0,1.0,2018Q1
2018-01-01,shift,0,61209.08,21.880000000000003,61.4,21746.6,18.0,13.0,0.0,1.0,34000.0,36.0,19.77,1093.43,2.0,0.5554731422200758,0.21436623455212853,21.084188911704313,0,0,0,0,0,0,0,0,0,0,0,0,0,0,0,0,3,18,1.0,0.0,0.0,0.0,0.0,0.0,1.0,2018Q1
2018-01-01,shift,0,66737.87,22.82,18.6,18368.08,4.0,39.0,2.0,0.0,33000.0,36.0,17.28,623.05,2.0,0.49447187930930375,0.11202934705587697,25.916495550992472,0,0,0,0,0,0,0,0,0,0,0,0,1,0,0,0,2,13,0.0,0.0,1.0,0.0,0.0,0.0,1.0,2018Q1
2018-01-01,shift,1,83594.03,38.75,21.9,3116.62,12.0,25.0,0.0,1.0,24000.0,36.0,24.38,802.5,2.0,0.2871018420813065,0.11519961413512425,7.586584531143052,0,0,0,0,0,0,0,0,0,0,0,0,1,0,0,0,4,22,1.0,0.0,0.0,0.0,0.0,0.0,1.0,2018Q1
2018-01-01,shift,1,58963.35,46.58,55.2,1594.65,24.0,51.0,0.0,1.0,9000.0,36.0,21.33,176.0,2.0,0.15263718903352677,0.03581886035986761,31.753593429158112,0,0,0,0,0,0,0,0,0,0,0,0,1,0,0,0,3,16,0.0,1.0,0.0,0.0,0.0,0.0,1.0,2018Q1
2018-01-01,shift,0,40698.43,22.27,57.8,11020.56,3.0,9.0,1.0,2.0,30500.0,36.0,15.35,943.38,2.0,0.7494146580101493,0.2781571672420779,17.418206707734427,0,0,0,0,0,0,0,0,0,0,0,0,1,0,0,0,1,5,0.0,1.0,0.0,0.0,0.0,0.0,1.0,2018Q1
2018-01-01,shift,0,99689.95,33.55,74.3,11992.01,9.0,5.0,0.0,0.0,20000.0,36.0,17.54,630.79,0.0,0.2006220285996733,0.07593022165223275,12.167008898015059,0,0,0,0,0,0,0,0,0,0,0,0,0,0,0,0,2,13,0.0,0.0,0.0,1.0,0.0,1.0,0.0,2018Q1
2018-01-01,shift,1,69478.05,35.96,42.7,28017.16,23.0,9.0,0.0,2.0,25000.0,36.0,23.76,831.65,2.0,0.2563336676464009,0.08069217306644721,20.0,1,0,0,0,0,0,0,0,0,0,0,0,0,1,1,0,4,21,1.0,0.0,0.0,0.0,0.0,0.0,1.0,2018Q1
2018-01-01,shift,1,83963.43,37.4,49.6,9026.35,8.0,17.0,0.0,1.0,16500.0,36.0,15.86,512.69,0.0,0.19651412525667425,0.07327332863843225,12.914442162902121,0,0,0,0,0,0,0,0,0,0,0,0,0,0,0,0,1,6,0.0,1.0,0.0,0.0,1.0,0.0,0.0,2018Q1
2018-01-01,shift,0,69561.28,34.64,59.0,22562.06,5.0,51.0,0.0,0.0,17500.0,36.0,21.45,570.94,5.0,0.2515767392434412,0.09849272468821736,32.33401779603012,0,0,0,0,0,0,0,0,0,0,0,0,0,0,0,0,3,19,0.0,0.0,1.0,0.0,0.0,1.0,0.0,2018Q1
2018-01-01,shift,0,69509.71,21.369999999999997,67.9,15875.21,10.0,8.0,1.0,3.0,8000.0,36.0,19.689999999999998,257.08,5.0,0.11509183393226644,0.044381713000960575,14.839151266255989,0,0,0,0,0,0,0,0,0,0,0,0,0,0,0,0,3,16,0.0,0.0,1.0,0.0,0.0,1.0,0.0,2018Q1
2018-01-01,shift,1,64190.77,30.05,81.5,21443.56,4.0,22.0,0.0,1.0,21000.0,36.0,20.61,680.24,1.0,0.3271498378972553,0.12716594613213084,13.752224503764545,0,0,0,0,0,0,0,0,0,0,0,0,0,0,0,0,3,15,1.0,0.0,0.0,0.0,0.0,1.0,0.0,2018Q1
2018-01-01,shift,0,79185.65,31.62,81.5,6313.3,18.0,51.0,0.0,2.0,26500.0,36.0,19.119999999999997,847.4,5.0,0.3346565949764888,0.12841720690554415,13.83709787816564,0,0,0,0,0,0,0,0,0,0,0,0,0,0,0,0,2,11,0.0,1.0,0.0,0.0,1.0,0.0,0.0,2018Q1
2018-01-01,shift,1,44695.74,20.36,23.7,21850.8,16.0,31.0,0.0,1.0,5500.0,36.0,24.52,184.13,1.0,0.1230542329089976,0.04943558379389176,3.915126625598905,0,0,0,0,0,0,0,0,0,0,0,0,0,0,0,0,4,20,1.0,0.0,0.0,0.0,1.0,0.0,0.0,2018Q1
2018-01-01,shift,0,18000.0,30.44,68.2,22307.99,20.0,50.0,1.0,0.0,15500.0,36.0,22.06,304.98,0.0,0.8611111111111112,0.20332,21.83709787816564,0,0,0,0,0,0,0,0,0,0,0,0,0,0,0,0,3,15,0.0,0.0,0.0,1.0,0.0,1.0,0.0,2018Q1
2018-01-01,shift,1,50871.48,27.79,48.8,11556.73,7.0,34.0,0.0,1.0,11500.0,36.0,25.97,389.62,10.0,0.22605986694312805,0.09190689950439815,22.001368925393567,0,0,0,0,0,0,0,0,0,0,0,0,0,0,0,0,4,22,0.0,0.0,0.0,1.0,0.0,1.0,0.0,2018Q1
2018-01-01,shift,1,36790.12,20.259999999999998,87.3,24713.38,18.0,39.0,0.0,2.0,30000.0,36.0,24.46,602.28,5.0,0.8154363182289157,0.19644839429716454,28.0,0,0,0,0,0,0,0,0,0,0,0,0,0,0,0,0,4,22,1.0,0.0,0.0,0.0,0.0,0.0,1.0,2018Q1
2018-01-01,shift,0,70165.44,12.02,42.9,22006.58,13.0,5.0,0.0,1.0,9000.0,36.0,21.46,293.65,2.0,0.1282682756639166,0.050221305531612144,32.91444216290212,0,0,0,0,0,0,0,0,0,0,0,0,1,0,0,0,3,19,0.0,0.0,1.0,0.0,0.0,1.0,0.0,2018Q1
2018-01-01,shift,0,35677.61,18.33,79.9,725.63,16.0,41.0,0.0,2.0,34500.0,36.0,18.22,1094.59,1.0,0.9669930244766956,0.3681603111867639,2.001368925393566,0,0,0,0,0,0,0,0,0,0,0,0,0,0,0,0,2,10,0.0,0.0,0.0,1.0,0.0,1.0,0.0,2018Q1
2018-01-01,shift,0,69478.05,16.689999999999998,29.3,10830.41,16.0,9.0,0.0,4.0,12500.0,36.0,16.95,392.18,2.0,0.2563336676464009,0.08069217306644721,7.915126625598905,1,0,0,0,0,0,0,0,0,0,0,0,1,1,1,0,2,12,0.0,1.0,0.0,0.0,1.0,0.0,0.0,2018Q1
2018-01-01,shift,1,61272.98,31.06,86.7,21668.17,15.0,17.0,3.0,2.0,22500.0,36.0,17.07,706.72,2.0,0.3672091678909692,0.1384075003370164,9.585215605749486,0,0,0,0,0,0,0,0,0,0,0,0,0,0,0,0,2,12,0.0,0.0,1.0,0.0,1.0,0.0,0.0,2018Q1
2018-01-01,shift,1,44956.7,35.28,24.1,18489.31,5.0,50.0,0.0,2.0,27000.0,36.0,21.12,527.05,10.0,0.6005778893913477,0.14068203404609322,7.915126625598905,0,0,0,0,0,0,0,0,0,0,0,0,0,0,0,0,3,15,1.0,0.0,0.0,0.0,0.0,1.0,0.0,2018Q1
2018-01-01,shift,0,41732.0,35.45,48.0,0.0,10.0,37.0,0.0,4.0,25000.0,36.0,18.880000000000003,797.79,2.0,0.5990606728649478,0.2294038148183648,30.67214236824093,0,0,0,0,0,0,0,0,0,0,0,0,0,0,0,0,2,11,1.0,0.0,0.0,0.0,0.0,0.0,1.0,2018Q1
2018-01-01,shift,0,24065.3,24.77,77.9,0.0,19.0,8.0,0.0,1.0,9500.0,36.0,16.560000000000002,297.02,10.0,0.39475925918230814,0.14810702546820526,6.0862422997946615,0,0,0,0,0,0,0,0,0,0,0,0,0,0,0,0,2,13,1.0,0.0,0.0,0.0,0.0,1.0,0.0,2018Q1
2018-01-01,shift,0,55460.18,32.760000000000005,83.8,10350.58,4.0,28.0,0.0,0.0,31500.0,36.0,12.44,948.82,0.0,0.5679750768930069,0.20529756665052298,15.50444900752909,0,0,0,0,0,0,0,0,0,0,0,0,0,0,0,0,0,4,0.0,1.0,0.0,0.0,0.0,0.0,1.0,2018Q1
2018-01-01,shift,0,59550.62,17.72,73.6,17711.16,24.0,16.0,0.0,0.0,20000.0,36.0,15.95,621.93,0.0,0.33584872835916735,0.12532463977705016,10.839151266255989,0,0,0,0,0,0,0,0,0,0,0,0,0,0,0,0,1,8,0.0,0.0,1.0,0.0,0.0,0.0,1.0,2018Q1
2018-01-01,shift,0,31655.83,17.060000000000002,72.0,20760.82,24.0,35.0,0.0,0.0,3000.0,36.0,13.4,91.17,5.0,0.09476927314810574,0.0345604585316512,24.334017796030118,0,0,0,0,0,0,0,0,0,0,0,0,0,0,0,0,1,9,1.0,0.0,0.0,0.0,0.0,0.0,1.0,2018Q1
2018-01-01,shift,0,79253.55,15.23,66.1,30636.11,2.0,7.0,1.0,0.0,4500.0,36.0,22.17,88.63,2.0,0.056779790936809765,0.013419714321945199,2.4202600958247777,0,0,0,0,0,0,0,0,0,0,0,0,1,0,0,0,3,16,1.0,0.0,0.0,0.0,0.0,0.0,1.0,2018Q1
2018-01-01,shift,1,106621.99,31.64,55.0,18822.77,23.0,38.0,0.0,2.0,29500.0,36.0,19.759999999999998,569.17,1.0,0.2766783850123225,0.064058455483714,10.915811088295689,0,0,0,0,0,0,0,0,0,0,0,0,0,0,0,0,3,17,0.0,0.0,0.0,1.0,1.0,0.0,0.0,2018Q1
2018-01-01,shift,1,87353.55,20.29,44.5,28878.4,20.0,5.0,1.0,0.0,4500.0,36.0,17.55,141.94,0.0,0.05151479247265852,0.01949869238285107,31.419575633127995,0,0,0,0,0,0,0,0,0,0,0,0,0,0,0,0,2,14,0.0,0.0,0.0,1.0,0.0,0.0,1.0,2018Q1
2018-01-01,shift,0,69478.05,30.68,90.6,7190.42,12.0,24.0,0.0,0.0,12000.0,36.0,20.9,389.66,10.0,0.2563336676464009,0.08069217306644721,8.084873374401095,1,0,0,0,0,0,0,0,0,0,0,0,0,1,1,0,3,19,1.0,0.0,0.0,0.0,0.0,0.0,1.0,2018Q1
2018-01-01,shift,1,43312.84,35.230000000000004,70.2,17513.45,5.0,22.0,0.0,1.0,33500.0,36.0,17.77,1058.67,1.0,0.7734427019793669,0.29330886637773007,19.67145790554415,0,0,0,0,0,0,0,0,0,0,0,0,0,0,0,0,2,12,0.0,0.0,0.0,1.0,0.0,1.0,0.0,2018Q1
2018-01-01,shift,1,62154.63,34.629999999999995,56.6,19535.66,5.0,7.0,0.0,2.0,28500.0,36.0,21.34,928.94,0.0,0.45853382121331915,0.17934754015911608,15.915126625598905,0,0,0,0,0,0,0,0,0,0,0,0,0,0,0,0,3,17,0.0,0.0,1.0,0.0,0.0,0.0,1.0,2018Q1
2018-01-01,shift,0,61127.94,15.85,56.6,8801.93,14.0,45.0,0.0,0.0,13500.0,36.0,20.88,262.97,2.0,0.22084827331004447,0.05162352927319325,22.33538672142368,0,0,0,0,0,0,0,0,0,0,0,0,0,0,0,0,3,15,1.0,0.0,0.0,0.0,0.0,1.0,0.0,2018Q1
2018-01-01,shift,1,55258.78,36.769999999999996,30.6,2939.29,4.0,41.0,0.0,0.0,6000.0,36.0,20.64,116.64,10.0,0.10858003017800973,0.025329549439926106,16.334017796030118,0,0,0,0,0,0,0,0,0,0,0,0,0,0,0,0,3,18,0.0,0.0,0.0,1.0,1.0,0.0,0.0,2018Q1
2018-01-01,shift,1,78703.38,24.82,59.0,25507.95,15.0,36.0,0.0,1.0,21000.0,36.0,21.69,686.55,2.0,0.26682462684575936,0.10467911289197489,11.838466803559205,0,0,0,0,0,0,0,0,0,0,0,0,1,0,0,0,3,18,0.0,1.0,0.0,0.0,1.0,0.0,0.0,2018Q1
2018-01-01,shift,1,46100.78,9.879999999999999,91.8,18144.13,4.0,33.0,0.0,0.0,33500.0,36.0,23.91,1115.79,1.0,0.7266688329351477,0.2904393374689105,8.837782340862423,0,0,0,0,0,0,0,0,0,0,0,0,0,0,0,0,4,23,0.0,0.0,1.0,0.0,0.0,1.0,0.0,2018Q1
2018-01-01,shift,1,99754.99,32.66,66.9,3104.18,21.0,34.0,0.0,0.0,34000.0,36.0,23.91,1132.49,1.0,0.34083508002958046,0.1362325834527175,16.251882272416154,0,0,0,0,0,0,0,0,0,0,0,0,0,0,0,0,4,22,0.0,0.0,1.0,0.0,0.0,0.0,1.0,2018Q1
2018-01-01,shift,1,35289.03,36.379999999999995,85.1,190.1,7.0,30.0,0.0,2.0,15500.0,36.0,20.09,499.81,2.0,0.43922998166852417,0.16995989971954456,18.50513347022587,0,0,0,0,0,0,0,0,0,0,0,0,1,0,0,0,3,16,0.0,1.0,0.0,0.0,1.0,0.0,0.0,2018Q1
2018-01-01,shift,1,103458.95,38.54,45.8,12221.13,4.0,36.0,0.0,2.0,19000.0,36.0,21.86,622.04,1.0,0.18364771728303836,0.07214919540552074,21.418206707734427,0,0,0,0,0,0,0,0,0,0,0,0,0,0,0,0,3,15,1.0,0.0,0.0,0.0,1.0,0.0,0.0,2018Q1
2018-01-01,shift,1,36207.34,30.74,48.5,17097.92,6.0,35.0,0.0,2.0,26500.0,36.0,21.08,861.81,10.0,0.7318957979238464,0.2856249589171698,18.754277891854894,0,0,0,0,0,0,0,0,0,0,0,0,0,0,0,0,3,19,1.0,0.0,0.0,0.0,1.0,0.0,0.0,2018Q1
2018-01-01,shift,1,97152.25,34.0,65.1,31184.34,19.0,18.0,1.0,1.0,29500.0,36.0,21.44,962.38,10.0,0.30364711059188026,0.11887074154227,28.752908966461327,0,0,0,0,0,0,0,0,0,0,0,0,0,0,0,0,3,15,0.0,0.0,0.0,1.0,1.0,0.0,0.0,2018Q1
2018-01-01,shift,0,69478.05,30.12,64.6,16316.53,24.0,44.0,0.0,0.0,31000.0,36.0,21.12,1008.54,1.0,0.2563336676464009,0.08069217306644721,8.914442162902121,1,0,0,0,0,0,0,0,0,0,0,0,0,1,1,0,3,18,1.0,0.0,0.0,0.0,0.0,1.0,0.0,2018Q1
2018-01-01,shift,0,88631.12,22.439999999999998,66.7,15842.32,2.0,23.0,0.0,0.0,28500.0,36.0,17.990000000000002,902.4,5.0,0.32155748454944494,0.12217830486628173,8.999315537303216,0,0,0,0,0,0,0,0,0,0,0,0,0,0,0,0,2,13,0.0,0.0,1.0,0.0,0.0,1.0,0.0,2018Q1
2018-01-01,shift,1,82513.34,20.85,47.6,25154.41,5.0,39.0,0.0,1.0,28500.0,36.0,17.439999999999998,538.85,2.0,0.34539869553214064,0.07836551035262905,10.168377823408624,0,0,0,0,0,0,0,0,0,0,0,0,0,0,0,0,2,13,0.0,0.0,1.0,0.0,0.0,0.0,1.0,2018Q1
2018-01-01,shift,1,45883.94,17.92,57.6,22715.83,16.0,52.0,0.0,0.0,11000.0,36.0,16.630000000000003,206.49,2.0,0.2397352973611246,0.05400320896592577,25.752224503764545,0,0,0,0,0,0,0,0,0,0,0,0,1,0,0,0,2,14,0.0,0.0,0.0,1.0,0.0,1.0,0.0,2018Q1
2018-01-01,shift,0,75740.8,11.86,76.2,16095.68,2.0,52.0,0.0,0.0,14000.0,36.0,21.51,456.97,2.0,0.18484093117579956,0.07240008027377583,30.33538672142368,0,0,0,0,0,0,0,0,0,0,0,0,0,0,0,0,3,18,0.0,0.0,1.0,0.0,0.0,1.0,0.0,2018Q1
2018-01-01,shift,1,66263.23,27.14,60.5,1919.72,21.0,30.0,0.0,4.0,3000.0,36.0,17.67,56.84,5.0,0.045273977739992456,0.010293491578964685,17.503080082135522,0,0,0,0,0,0,0,0,0,0,0,0,0,0,0,0,2,14,0.0,1.0,0.0,0.0,0.0,1.0,0.0,2018Q1
2018-01-01,shift,1,66509.58,22.5,51.4,11519.71,6.0,7.0,0.0,1.0,17500.0,36.0,18.97,558.88,2.0,0.26311998963156885,0.10083599986648539,20.251882272416154,0,0,0,0,0,0,0,0,0,0,0,0,1,0,0,0,2,13,0.0,0.0,1.0,0.0,1.0,0.0,0.0,2018Q1
2018-01-01,shift,1,41872.54,33.67,70.3,13832.49,20.0,27.0,0.0,1.0,23500.0,36.0,14.86,723.65,2.0,0.5612269998428564,0.20738651154193175,26.001368925393567,0,0,0,0,0,0,0,0,0,0,0,0,1,0,0,0,1,6,0.0,0.0,1.0,0.0,1.0,0.0,0.0,2018Q1
2018-01-01,shift,1,102383.19,34.09,100.0,30640.24,19.0,7.0,0.0,2.0,28000.0,36.0,20.3,904.56,10.0,0.2734823949126805,0.10602052934666324,6.0862422997946615,0,0,0,0,0,0,0,0,0,0,0,0,0,0,0,0,3,16,0.0,0.0,1.0,0.0,1.0,0.0,0.0,2018Q1
2018-01-01,shift,1,45535.57,36.05,49.8,0.0,8.0,45.0,0.0,0.0,34000.0,36.0,18.6,1082.32,0.0,0.7466690325826602,0.2852240567099522,26.83915126625599,0,0,0,0,0,0,0,0,0,0,0,0,0,0,0,0,2,10,0.0,1.0,0.0,0.0,1.0,0.0,0.0,2018Q1
2018-01-01,shift,1,80269.71,33.08,58.3,17740.42,13.0,13.0,0.0,0.0,10500.0,36.0,17.2,330.17,0.0,0.13080899382843167,0.04935909199123804,32.58590006844627,0,0,0,0,0,0,0,0,0,0,0,0,0,0,0,0,2,13,0.0,0.0,1.0,0.0,0.0,1.0,0.0,2018Q1
2018-01-01,shift,0,31413.65,20.47,74.4,11771.08,17.0,43.0,0.0,1.0,29500.0,36.0,23.73,981.13,2.0,0.9390822142603613,0.37479121337380406,32.41889117043121,0,0,0,0,0,0,0,0,0,0,0,0,0,0,0,0,4,22,0.0,0.0,0.0,1.0,0.0,1.0,0.0,2018Q1
2018-01-01,shift,1,69478.05,35.16,50.0,19220.18,4.0,37.0,0.0,1.0,9500.0,36.0,16.72,297.45,0.0,0.2563336676464009,0.08069217306644721,23.67145790554415,1,0,0,0,0,0,0,0,0,0,0,0,0,1,1,0,2,11,1.0,0.0,0.0,0.0,0.0,1.0,0.0,2018Q1
2018-01-01,shift,1,79960.73,30.34,85.1,3407.69,24.0,44.0,0.0,1.0,17500.0,36.0,15.58,325.43,10.0,0.21885743164175717,0.048838473585721395,12.41889117043121,0,0,0,0,0,0,0,0,0,0,0,0,0,0,0,0,1,5,0.0,0.0,0.0,1.0,1.0,0.0,0.0,2018Q1
2018-01-01,shift,1,28821.37,35.5,74.8,17630.22,4.0,49.0,0.0,1.0,4000.0,36.0,18.53,127.25,5.0,0.1387859078177061,0.05298152030940931,29.084188911704313,0,0,0,0,0,0,0,0,0,0,0,0,0,0,0,0,2,12,0.0,0.0,1.0,0.0,0.0,0.0,1.0,2018Q1
2018-01-01,shift,0,83185.19,34.72,34.5,13511.49,20.0,46.0,0.0,1.0,13500.0,36.0,17.96,427.35,1.0,0.16228850351847485,0.061647992869884656,32.58590006844627,0,0,0,0,0,0,0,0,0,0,0,0,0,0,0,0,2,10,0.0,1.0,0.0,0.0,0.0,0.0,1.0,2018Q1
2018-01-01,shift,1,83428.12,35.14,84.0,19217.29,22.0,50.0,0.0,0.0,16000.0,36.0,19.29,512.42,2.0,0.1917818596415693,0.07370464538814969,10.420260095824778,0,0,0,0,0,0,0,0,0,0,0,0,1,0,0,0,2,12,0.0,0.0,1.0,0.0,0.0,0.0,1.0,2018Q1
2018-01-01,shift,1,33768.29,27.9,68.3,16317.11,17.0,7.0,0.0,4.0,17000.0,36.0,17.08,533.98,5.0,0.5034308814571303,0.18975672146857303,2.001368925393566,0,0,0,0,0,0,0,0,0,0,0,0,0,0,0,0,2,14,0.0,0.0,0.0,1.0,1.0,0.0,0.0,2018Q1
2018-01-01,shift,1,61047.95,30.17,56.5,20604.49,20.0,30.0,0.0,1.0,33500.0,36.0,16.28,1044.84,0.0,0.5487489751908131,0.20538085226449046,13.25119780971937,0,0,0,0,0,0,0,0,0,0,0,0,0,0,0,0,2,14,0.0,0.0,1.0,0.0,0.0,0.0,1.0,2018Q1
2018-01-01,shift,1,83133.62,29.29,53.6,11201.82,5.0,18.0,0.0,1.0,32500.0,36.0,19.03,623.06,2.0,0.3909369037460416,0.08993617744541858,10.001368925393566,0,0,0,0,0,0,0,0,0,0,0,0,1,0,0,0,2,14,0.0,0.0,1.0,0.0,1.0,0.0,0.0,2018Q1
2018-01-01,shift,0,22827.25,19.07,50.5,0.0,6.0,22.0,2.0,0.0,27000.0,36.0,21.25,527.61,2.0,1.1827968765401,0.2773579822361432,18.587268993839835,0,0,0,0,0,0,0,0,0,0,0,0,1,0,0,0,3,17,0.0,0.0,0.0,1.0,1.0,0.0,0.0,2018Q1
2018-01-01,shift,0,89660.46,35.09,48.4,28612.47,9.0,41.0,1.0,1.0,22500.0,36.0,25.36,758.48,2.0,0.2509467383950517,0.10151364380686871,13.333333333333334,0,0,0,0,0,0,0,0,0,0,0,0,1,0,0,0,4,22,0.0,0.0,1.0,0.0,0.0,1.0,0.0,2018Q1
2018-01-01,shift,1,81303.36,20.73,27.6,19398.14,19.0,15.0,0.0,0.0,3000.0,36.0,21.48,97.9,2.0,0.03689884403301413,0.014449587323328336,6.754277891854894,0,0,0,0,0,0,0,0,0,0,0,0,1,0,0,0,3,19,0.0,0.0,0.0,1.0,1.0,0.0,0.0,2018Q1
2018-01-01,shift,0,42948.23,13.129999999999999,62.1,10478.23,20.0,35.0,0.0,1.0,14500.0,36.0,13.62,441.51,2.0,0.3376157760168463,0.1233606134641637,18.001368925393567,0,0,0,0,0,0,0,0,0,0,0,0,1,0,0,0,1,7,0.0,1.0,0.0,0.0,0.0,0.0,1.0,2018Q1
2018-01-01,shift,0,69478.05,25.84,50.2,17221.18,19.0,43.0,0.0,1.0,5000.0,36.0,13.26,151.75,2.0,0.2563336676464009,0.08069217306644721,28.670773442847366,1,0,0,0,0,0,0,0,0,0,0,0,0,1,1,0,1,7,0.0,1.0,0.0,0.0,1.0,0.0,0.0,2018Q1
2018-01-01,shift,0,93851.88,23.42,53.3,22579.8,10.0,14.0,0.0,0.0,8000.0,36.0,23.98,266.62,5.0,0.08524070055922162,0.034090313374649496,24.58590006844627,0,0,0,0,0,0,0,0,0,0,0,0,0,0,0,0,4,20,0.0,0.0,1.0,0.0,0.0,1.0,0.0,2018Q1
2018-01-01,shift,0,68042.68,24.63,51.3,20714.09,10.0,10.0,0.0,1.0,18500.0,36.0,21.08,360.99,2.0,0.27188817371684953,0.06366415902489439,28.999315537303218,0,0,0,0,0,0,0,0,0,0,0,0,1,0,0,0,3,18,0.0,0.0,1.0,0.0,0.0,0.0,1.0,2018Q1
2018-01-01,shift,0,49099.73,35.41,51.8,6767.88,24.0,24.0,0.0,2.0,17500.0,36.0,21.94,573.32,1.0,0.3564174385480327,0.14011971145258845,16.752908966461327,0,0,0,0,0,0,0,0,0,0,0,0,0,0,0,0,3,17,0.0,0.0,0.0,1.0,0.0,1.0,0.0,2018Q1
2018-01-01,shift,0,57199.85,35.06,40.0,13017.22,6.0,37.0,0.0,2.0,17500.0,36.0,14.83,538.74,1.0,0.3059448582470059,0.11302267401050878,4.0,0,0,0,0,0,0,0,0,0,0,0,0,0,0,0,0,1,7,0.0,0.0,1.0,0.0,0.0,1.0,0.0,2018Q1
2018-01-01,shift,0,65269.79,25.87,31.9,25462.82,16.0,14.0,0.0,0.0,10500.0,36.0,21.42,342.46,1.0,0.1608707489330056,0.06296205334811096,32.41889117043121,0,0,0,0,0,0,0,0,0,0,0,0,0,0,0,0,3,17,0.0,0.0,1.0,0.0,1.0,0.0,0.0,2018Q1
2018-01-01,shift,1,67974.21,21.490000000000002,54.2,898.92,24.0,51.0,1.0,2.0,4000.0,36.0,20.1,77.4,2.0,0.05884584756483378,0.013664005804554402,20.752908966461327,0,0,0,0,0,0,0,0,0,0,0,0,1,0,0,0,3,17,0.0,1.0,0.0,0.0,1.0,0.0,0.0,2018Q1
2018-01-01,shift,1,67902.24,29.67,76.5,10185.7,20.0,24.0,0.0,1.0,35000.0,36.0,16.79,1096.58,10.0,0.5154469130915268,0.19379272318556792,17.333333333333332,0,0,0,0,0,0,0,0,0,0,0,0,0,0,0,0,2,12,0.0,0.0,1.0,0.0,1.0,0.0,0.0,2018Q1
2018-01-01,shift,1,86632.24,20.03,42.7,27959.23,16.0,42.0,2.0,0.0,25000.0,36.0,17.189999999999998,786.06,2.0,0.288576169795448,0.10888232833411671,26.587268993839835,0,0,0,0,0,0,0,0,0,0,0,0,0,0,0,0,2,10,0.0,0.0,0.0,1.0,0.0,1.0,0.0,2018Q1
2018-01-01,shift,0,48915.52,33.2,53.3,9883.24,2.0,43.0,0.0,0.0,5500.0,36.0,19.28,105.67,2.0,0.11243875154552176,0.02592306081996062,23.50444900752909,0,0,0,0,0,0,0,0,0,0,0,0,0,0,0,0,2,10,0.0,0.0,0.0,1.0,0.0,0.0,1.0,2018Q1
2018-01-01,shift,1,57108.22,37.0,44.2,30682.08,9.0,15.0,0.0,3.0,18500.0,36.0,23.74,615.33,5.0,0.32394636008616623,0.12929767378496476,16.670773442847366,0,0,0,0,0,0,0,0,0,0,0,0,0,0,0,0,4,20,1.0,0.0,0.0,0.0,1.0,0.0,0.0,2018Q1
2018-01-01,shift,0,69478.05,24.4,39.7,0.0,13.0,42.0,0.0,2.0,29000.0,36.0,18.810000000000002,554.92,1.0,0.2563336676464009,0.08069217306644721,15.915126625598905,1,0,0,0,0,0,0,0,0,0,0,0,0,1,1,0,2,11,1.0,0.0,0.0,0.0,0.0,1.0,0.0,2018Q1
2018-01-01,shift,1,79850.12,18.36,100.0,24693.82,17.0,18.0,0.0,0.0,6500.0,36.0,27.13,222.32,1.0,0.08140250759798483,0.033410594749262744,29.916495550992472,0,0,0,0,0,0,0,0,0,0,0,0,0,0,0,0,5,25,0.0,0.0,0.0,1.0,1.0,0.0,0.0,2018Q1
2018-01-01,shift,0,40631.47,39.56,60.8,19851.2,13.0,5.0,0.0,0.0,5500.0,36.0,16.08,171.24,2.0,0.13536305725586595,0.05057360710798797,11.3347022587269,0,0,0,0,0,0,0,0,0,0,0,0,1,0,0,0,2,10,0.0,0.0,0.0,1.0,0.0,0.0,1.0,2018Q1
2018-01-01,shift,1,70174.91,33.86,51.4,9419.02,23.0,5.0,0.0,0.0,11500.0,36.0,16.07,357.99,5.0,0.1638762343977356,0.06121675111517777,2.5051334702258727,0,0,0,0,0,0,0,0,0,0,0,0,0,0,0,0,2,11,0.0,0.0,1.0,0.0,1.0,0.0,0.0,2018Q1
2018-01-01,shift,0,74311.99,17.189999999999998,50.3,8498.84,14.0,25.0,0.0,2.0,30500.0,36.0,15.75,946.74,2.0,0.4104317486316811,0.15288084735720306,16.251882272416154,0,0,0,0,0,0,0,0,0,0,0,0,1,0,0,0,1,7,1.0,0.0,0.0,0.0,1.0,0.0,0.0,2018Q1
2018-01-01,shift,1,54977.96,20.78,57.2,8976.09,8.0,51.0,3.0,2.0,9000.0,36.0,14.7,276.74,2.0,0.16370196347772817,0.060403841830435324,8.167008898015059,0,0,0,0,0,0,0,0,0,0,0,0,0,0,0,0,1,6,0.0,1.0,0.0,0.0,0.0,0.0,1.0,2018Q1
2018-01-01,shift,0,67537.72,25.95,11.0,3671.97,21.0,9.0,0.0,0.0,7000.0,36.0,21.91,229.27,2.0,0.10364578490360646,0.040736347036885466,26.33538672142368,0,0,0,0,0,0,0,0,0,0,0,0,1,0,0,0,3,16,0.0,0.0,1.0,0.0,0.0,1.0,0.0,2018Q1
2018-01-01,shift,1,55062.71,38.2,39.2,14950.66,6.0,39.0,1.0,0.0,26500.0,36.0,15.49,492.41,10.0,0.4812694471449008,0.10731255326880933,26.168377823408623,0,0,0,0,0,0,0,0,0,0,0,0,0,0,0,0,1,5,0.0,1.0,0.0,0.0,0.0,0.0,1.0,2018Q1
2018-01-01,shift,0,63141.1,28.84,60.8,15178.28,22.0,32.0,0.0,1.0,5000.0,36.0,21.37,97.81,0.0,0.07918772400227428,0.018588843083189872,6.754277891854894,0,0,0,0,0,0,0,0,0,0,0,0,0,0,0,0,3,19,0.0,0.0,1.0,0.0,0.0,0.0,1.0,2018Q1
2018-01-01,shift,1,78889.68,11.31,72.1,0.0,12.0,38.0,1.0,0.0,10500.0,36.0,16.52,328.19,2.0,0.133097256827509,0.049921358535108776,23.16769336071184,0,0,0,0,0,0,0,0,0,0,0,0,1,0,0,0,2,12,0.0,0.0,0.0,1.0,0.0,0.0,1.0,2018Q1
2018-01-01,shift,0,74954.9,34.8,78.9,20750.4,15.0,13.0,0.0,0.0,28500.0,36.0,16.45,890.21,2.0,0.3802286441580204,0.1425193016066995,24.503764544832308,0,0,0,0,0,0,0,0,0,0,0,0,0,0,0,0,2,10,0.0,0.0,0.0,1.0,1.0,0.0,0.0,2018Q1
2018-01-01,shift,0,76537.68,28.2,88.2,4450.82,22.0,20.0,0.0,1.0,22500.0,36.0,21.43,733.93,5.0,0.2939728510192627,0.11506959709256931,28.16700889801506,0,0,0,0,0,0,0,0,0,0,0,0,0,0,0,0,3,19,0.0,1.0,0.0,0.0,0.0,0.0,1.0,2018Q1
2018-01-01,shift,0,69478.05,38.239999999999995,72.3,3388.98,16.0,26.0,0.0,3.0,23500.0,36.0,14.91,724.01,2.0,0.2563336676464009,0.08069217306644721,21.166324435318277,1,0,0,0,0,0,0,0,0,0,0,0,1,1,1,0,1,7,1.0,0.0,0.0,0.0,0.0,1.0,0.0,2018Q1
2018-01-01,shift,1,68251.49,30.42,57.8,23688.29,7.0,49.0,0.0,1.0,23000.0,36.0,18.6,732.15,2.0,0.33698898002080246,0.1287268600289898,2.6721423682409307,0,0,0,0,0,0,0,0,0,0,0,0,1,0,0,0,2,12,0.0,0.0,0.0,1.0,1.0,0.0,0.0,2018Q1
2018-01-01,shift,1,132210.95,18.54,58.8,12306.28,8.0,42.0,0.0,2.0,8500.0,36.0,21.15,276.59,10.0,0.06429119524517447,0.025104425919335722,18.33538672142368,0,0,0,0,0,0,0,0,0,0,0,0,0,0,0,0,3,19,0.0,0.0,1.0,0.0,0.0,1.0,0.0,2018Q1
2018-01-01,shift,0,66202.25,22.92,85.7,0.0,17.0,33.0,0.0,1.0,21000.0,36.0,21.6,411.58,2.0,0.31720976250807187,0.07460411088746983,32.91444216290212,0,0,0,0,0,0,0,0,0,0,0,0,1,0,0,0,3,16,0.0,1.0,0.0,0.0,0.0,0.0,1.0,2018Q1
2018-01-01,shift,0,47142.43,34.15,68.3,9445.3,11.0,9.0,0.0,1.0,8500.0,36.0,18.32,269.92,0.0,0.18030466397256145,0.06870753162278652,21.585215605749486,0,0,0,0,0,0,0,0,0,0,0,0,0,0,0,0,2,13,0.0,0.0,1.0,0.0,0.0,0.0,1.0,2018Q1
2018-01-01,shift,0,93757.08,21.41,2.5,10112.72,24.0,9.0,0.0,2.0,23000.0,36.0,23.9,766.04,0.0,0.24531480715909668,0.09804571558755883,3.915126625598905,0,0,0,0,0,0,0,0,0,0,0,0,0,0,0,0,4,20,0.0,0.0,0.0,1.0,0.0,1.0,0.0,2018Q1
2018-01-01,shift,1,61146.98,36.55,75.1,2940.07,18.0,48.0,0.0,2.0,21500.0,36.0,13.95,656.67,2.0,0.3516118048675503,0.1288704691548135,21.916495550992472,0,0,0,0,0,0,0,0,0,0,0,0,1,0,0,0,1,6,1.0,0.0,0.0,0.0,0.0,1.0,0.0,2018Q1
2018-01-01,shift,0,51986.18,26.6,99.2,10196.55,14.0,46.0,0.0,1.0,3500.0,36.0,22.26,68.98,2.0,0.06732558537672897,0.015922693300411767,15.838466803559205,0,0,0,0,0,0,0,0,0,0,0,0,1,0,0,0,3,18,0.0,0.0,1.0,0.0,0.0,1.0,0.0,2018Q1
2018-01-01,shift,1,58295.49,28.47,42.0,16649.31,2.0,22.0,0.0,1.0,11000.0,36.0,18.380000000000003,209.7,2.0,0.18869384235384248,0.043166289536291744,24.334017796030118,0,0,0,0,0,0,0,0,0,0,0,0,1,0,0,0,2,13,0.0,0.0,0.0,1.0,0.0,1.0,0.0,2018Q1
2018-01-01,shift,0,70367.81,26.49,100.0,10208.94,23.0,15.0,0.0,0.0,16000.0,36.0,16.85,501.56,0.0,0.22737669397413393,0.08553229097224996,13.084188911704311,0,0,0,0,0,0,0,0,0,0,0,0,0,0,0,0,2,14,0.0,0.0,1.0,0.0,0.0,1.0,0.0,2018Q1
2018-01-01,shift,1,91910.9,25.32,28.7,17581.44,11.0,9.0,0.0,1.0,3000.0,36.0,17.869999999999997,94.89,10.0,0.032640307080009014,0.01238895495528822,28.0,0,0,0,0,0,0,0,0,0,0,0,0,0,0,0,0,2,10,0.0,0.0,0.0,1.0,1.0,0.0,0.0,2018Q1
2018-01-01,shift,0,63180.97,23.17,31.1,13493.78,21.0,45.0,0.0,1.0,9500.0,36.0,17.33,299.07,2.0,0.15036173075532078,0.056802546716202676,12.0,0,0,0,0,0,0,0,0,0,0,0,0,0,0,0,0,2,11,1.0,0.0,0.0,0.0,1.0,0.0,0.0,2018Q1
2018-01-01,shift,0,103064.2,30.89,41.0,7843.33,14.0,9.0,0.0,1.0,21500.0,36.0,15.14,663.78,10.0,0.20860783860933282,0.07728542015559234,30.754277891854894,0,0,0,0,0,0,0,0,0,0,0,0,0,0,0,0,1,5,0.0,1.0,0.0,0.0,0.0,1.0,0.0,2018Q1
2018-01-01,shift,0,69478.05,24.49,54.9,24933.45,5.0,31.0,0.0,1.0,12000.0,36.0,12.19,360.62,5.0,0.2563336676464009,0.08069217306644721,18.50513347022587,1,0,0,0,0,0,0,0,0,0,0,0,0,1,1,0,0,4,0.0,0.0,0.0,1.0,0.0,1.0,0.0,2018Q1
2018-01-01,shift,0,51565.37,23.33,80.0,18516.16,14.0,40.0,0.0,1.0,26500.0,36.0,17.17,833.05,2.0,0.5139107893533974,0.19386266403208197,5.333333333333333,0,0,0,0,0,0,0,0,0,0,0,0,1,0,0,0,2,10,0.0,0.0,0.0,1.0,0.0,0.0,1.0,2018Q1
2018-01-01,shift,1,53516.82,37.34,72.9,34337.54,13.0,7.0,0.0,1.0,22000.0,36.0,16.9,689.95,2.0,0.4110857109970286,0.15470650161949087,20.16700889801506,0,0,0,0,0,0,0,0,0,0,0,0,0,0,0,0,2,12,0.0,0.0,0.0,1.0,1.0,0.0,0.0,2018Q1
2018-01-01,shift,0,119943.94,28.39,57.0,28714.08,22.0,33.0,0.0,0.0,3000.0,36.0,15.86,93.22,2.0,0.025011684625334134,0.009326356963094593,24.999315537303218,0,0,0,0,0,0,0,0,0,0,0,0,1,0,0,0,1,6,1.0,0.0,0.0,0.0,1.0,0.0,0.0,2018Q1
2018-01-01,shift,0,96175.21,15.98,37.9,14825.63,13.0,19.0,0.0,2.0,3500.0,36.0,17.9,110.73,0.0,0.036391914298913405,0.013816034298235481,31.419575633127995,0,0,0,0,0,0,0,0,0,0,0,0,0,0,0,0,2,10,1.0,0.0,0.0,0.0,0.0,1.0,0.0,2018Q1
2018-01-01,shift,0,41663.21,37.15,40.1,25316.12,15.0,29.0,0.0,0.0,7000.0,36.0,19.9,225.37,2.0,0.1680139384363327,0.06491194509496509,11.252566735112936,0,0,0,0,0,0,0,0,0,0,0,0,1,0,0,0,3,17,0.0,0.0,1.0,0.0,1.0,0.0,0.0,2018Q1
2018-01-01,shift,1,114827.78,27.04,63.6,18350.13,11.0,52.0,0.0,0.0,23500.0,36.0,20.12,757.99,0.0,0.20465430926209668,0.0792132356821668,19.586584531143053,0,0,0,0,0,0,0,0,0,0,0,0,0,0,0,0,3,16,0.0,0.0,0.0,1.0,0.0,0.0,1.0,2018Q1
2018-01-01,shift,0,50496.78,35.65,47.6,9797.85,21.0,33.0,0.0,2.0,33500.0,36.0,21.88,658.14,1.0,0.6634086371447843,0.1563996753852424,20.418891170431213,0,0,0,0,0,0,0,0,0,0,0,0,0,0,0,0,3,19,1.0,0.0,0.0,0.0,0.0,1.0,0.0,2018Q1
2018-01-01,shift,1,49100.47,11.0,49.6,6365.85,20.0,35.0,1.0,1.0,28500.0,36.0,21.61,931.04,2.0,0.5804425090024596,0.2275432394028,4.167008898015058,0,0,0,0,0,0,0,0,0,0,0,0,0,0,0,0,3,17,0.0,0.0,0.0,1.0,0.0,1.0,0.0,2018Q1
2018-01-01,shift,0,58203.53,31.17,46.4,12016.97,8.0,21.0,0.0,3.0,5000.0,36.0,10.690000000000001,148.18,2.0,0.08590544250494772,0.03055072432891957,19.000684462696782,0,0,0,0,0,0,0,0,0,0,0,0,1,0,0,0,0,0,0.0,1.0,0.0,0.0,0.0,1.0,0.0,2018Q1
2018-01-01,shift,0,37965.28,32.96,71.3,0.0,18.0,49.0,0.0,1.0,30000.0,36.0,18.55,954.59,2.0,0.7901956735206483,0.30172515519443033,12.503764544832306,0,0,0,0,0,0,0,0,0,0,0,0,0,0,0,0,2,14,0.0,0.0,0.0,1.0,1.0,0.0,0.0,2018Q1
2018-01-01,shift,0,105174.13,19.42,40.2,0.0,7.0,26.0,0.0,2.0,16500.0,36.0,18.96,316.13,10.0,0.15688268588482737,0.03606932617365126,27.67145790554415,0,0,0,0,0,0,0,0,0,0,0,0,0,0,0,0,2,11,1.0,0.0,0.0,0.0,1.0,0.0,0.0,2018Q1
2018-01-01,shift,0,69478.05,30.05,46.7,16718.43,19.0,17.0,0.0,0.0,21000.0,36.0,16.55,656.53,5.0,0.2563336676464009,0.08069217306644721,25.418206707734427,1,0,0,0,0,0,0,0,0,0,0,0,0,1,1,0,2,11,0.0,1.0,0.0,0.0,0.0,1.0,0.0,2018Q1
2018-01-01,shift,1,75972.79,26.85,37.5,10485.82,5.0,8.0,0.0,2.0,28000.0,36.0,19.75,900.27,2.0,0.3685530043058838,0.14219880565133913,28.83778234086242,0,0,0,0,0,0,0,0,0,0,0,0,1,0,0,0,3,19,0.0,0.0,0.0,1.0,0.0,1.0,0.0,2018Q1
2018-01-01,shift,0,85961.12,19.46,73.6,8841.32,19.0,49.0,1.0,1.0,1000.0,36.0,13.25,30.35,2.0,0.011633166250044206,0.0042367991482661,12.503764544832306,0,0,0,0,0,0,0,0,0,0,0,0,1,0,0,0,1,5,1.0,0.0,0.0,0.0,0.0,1.0,0.0,2018Q1
2018-01-01,shift,1,65976.54,30.36,45.0,27173.26,19.0,30.0,0.0,0.0,19500.0,36.0,12.61,352.99,0.0,0.29555960345904775,0.06420282118462109,8.914442162902121,0,0,0,0,0,0,0,0,0,0,0,0,0,0,0,0,1,5,0.0,0.0,0.0,1.0,1.0,0.0,0.0,2018Q1
2018-01-01,shift,1,35856.71,33.84,72.0,14029.78,23.0,29.0,1.0,1.0,4000.0,36.0,19.990000000000002,128.87,10.0,0.11155513152210562,0.04312832939776126,29.166324435318277,0,0,0,0,0,0,0,0,0,0,0,0,0,0,0,0,3,17,0.0,1.0,0.0,0.0,0.0,1.0,0.0,2018Q1
2018-01-01,shift,1,71888.29,32.39,78.4,1306.19,18.0,16.0,1.0,1.0,33000.0,36.0,14.34,1011.44,10.0,0.45904555526359025,0.1688352859693839,12.167008898015059,0,0,0,0,0,0,0,0,0,0,0,0,0,0,0,0,1,7,0.0,0.0,1.0,0.0,0.0,1.0,0.0,2018Q1
2018-01-01,shift,0,72837.05,31.32,62.3,6751.21,9.0,14.0,0.0,0.0,32500.0,36.0,19.27,624.36,10.0,0.4462014867433538,0.1028641330202143,2.6721423682409307,0,0,0,0,0,0,0,0,0,0,0,0,0,0,0,0,2,13,0.0,0.0,1.0,0.0,0.0,0.0,1.0,2018Q1
2018-01-01,shift,1,91930.73,25.77,93.7,31932.29,21.0,21.0,0.0,1.0,28000.0,36.0,20.22,903.97,2.0,0.3045771528193021,0.1179979752145991,18.168377823408623,0,0,0,0,0,0,0,0,0,0,0,0,0,0,0,0,3,19,1.0,0.0,0.0,0.0,0.0,1.0,0.0,2018Q1
2018-01-01,shift,1,50246.8,31.88,58.7,9650.76,20.0,46.0,3.0,1.0,16500.0,36.0,19.369999999999997,528.79,2.0,0.32837912066042013,0.1262862510647444,22.754277891854894,0,0,0,0,0,0,0,0,0,0,0,0,0,0,0,0,2,12,0.0,0.0,1.0,0.0,0.0,0.0,1.0,2018Q1
2018-01-01,shift,1,88651.54,30.13,52.0,18627.5,15.0,12.0,0.0,0.0,18500.0,36.0,19.8,595.07,2.0,0.20868221804155915,0.08054953134485877,23.838466803559207,0,0,0,0,0,0,0,0,0,0,0,0,0,0,0,0,3,17,1.0,0.0,0.0,0.0,0.0,0.0,1.0,2018Q1
2018-01-01,shift,0,69754.64,27.82,44.6,26484.32,22.0,5.0,0.0,0.0,9000.0,36.0,18.75,286.88,1.0,0.12902367498420178,0.049352415839290405,18.915811088295687,0,0,0,0,0,0,0,0,0,0,0,0,0,0,0,0,2,11,0.0,1.0,0.0,0.0,0.0,0.0,1.0,2018Q1
2018-01-01,shift,1,65821.25,36.44,39.5,18521.03,11.0,39.0,0.0,0.0,33500.0,36.0,21.1,1089.64,5.0,0.5089541751334106,0.19865438593159504,3.915126625598905,0,0,0,0,0,0,0,0,0,0,0,0,0,0,0,0,3,18,1.0,0.0,0.0,0.0,0.0,0.0,1.0,2018Q1
2018-01-01,shift,0,69478.05,14.42,49.6,24282.1,16.0,12.0,0.0,0.0,30000.0,36.0,24.2,1001.66,10.0,0.2563336676464009,0.08069217306644721,30.33538672142368,1,0,0,0,0,0,0,0,0,0,0,0,0,1,1,0,4,24,1.0,0.0,0.0,0.0,0.0,1.0,0.0,2018Q1
2018-01-01,shift,0,83099.16,26.63,56.3,19830.6,15.0,30.0,0.0,0.0,35000.0,36.0,20.66,1134.15,5.0,0.421183559496871,0.16377782880115757,7.753593429158111,0,0,0,0,0,0,0,0,0,0,0,0,0,0,0,0,3,15,1.0,0.0,0.0,0.0,0.0,0.0,1.0,2018Q1
2018-01-01,shift,0,91618.7,26.19,63.8,27547.84,16.0,26.0,0.0,3.0,16500.0,36.0,16.79,310.16,2.0,0.18009423840329541,0.04062402107866626,5.25119780971937,0,0,0,0,0,0,0,0,0,0,0,0,0,0,0,0,2,12,0.0,1.0,0.0,0.0,1.0,0.0,0.0,2018Q1
2018-01-01,shift,1,77515.64,36.0,79.4,10653.79,4.0,15.0,1.0,3.0,26000.0,36.0,23.43,862.57,1.0,0.33541618181827565,0.13353227813122617,17.752224503764545,0,0,0,0,0,0,0,0,0,0,0,0,0,0,0,0,4,23,0.0,1.0,0.0,0.0,0.0,1.0,0.0,2018Q1
2018-01-01,shift,0,46188.22,23.58,28.2,16197.09,23.0,47.0,0.0,1.0,26000.0,36.0,20.34,840.23,2.0,0.5629140936801634,0.21829721950748482,4.0,0,0,0,0,0,0,0,0,0,0,0,0,1,0,0,0,3,17,1.0,0.0,0.0,0.0,0.0,0.0,1.0,2018Q1
2018-01-01,shift,0,36255.44,39.55,54.3,12953.54,14.0,7.0,0.0,0.0,7500.0,36.0,17.439999999999998,236.33,10.0,0.2068655076314065,0.07822164066964847,30.83915126625599,0,0,0,0,0,0,0,0,0,0,0,0,0,0,0,0,2,11,1.0,0.0,0.0,0.0,0.0,1.0,0.0,2018Q1
2018-01-01,shift,0,98851.82,27.0,16.2,18658.14,15.0,19.0,1.0,1.0,32500.0,36.0,16.27,1013.52,2.0,0.3287749279679423,0.12303506399781006,7.000684462696783,0,0,0,0,0,0,0,0,0,0,0,0,1,0,0,0,2,12,0.0,1.0,0.0,0.0,0.0,0.0,1.0,2018Q1
2018-01-01,shift,0,64922.05,25.72,71.8,14882.91,4.0,44.0,2.0,2.0,4500.0,36.0,18.79,143.48,0.0,0.06931389258349051,0.026520419487677912,9.752224503764545,0,0,0,0,0,0,0,0,0,0,0,0,0,0,0,0,2,12,1.0,0.0,0.0,0.0,1.0,0.0,0.0,2018Q1
2018-01-01,shift,1,36112.42,24.63,51.2,13572.74,2.0,35.0,0.0,1.0,23000.0,36.0,21.99,753.8,2.0,0.6368999917479914,0.2504844593632883,15.50444900752909,0,0,0,0,0,0,0,0,0,0,0,0,0,0,0,0,3,15,1.0,0.0,0.0,0.0,0.0,1.0,0.0,2018Q1
2018-01-01,shift,1,86810.46,26.16,28.8,21145.96,7.0,27.0,0.0,1.0,7000.0,36.0,13.5,127.75,1.0,0.0806354441619132,0.01765916227145899,18.168377823408623,0,0,0,0,0,0,0,0,0,0,0,0,0,0,0,0,1,7,0.0,0.0,0.0,1.0,1.0,0.0,0.0,2018Q1
2018-01-01,shift,1,79541.07,21.8,57.6,11144.3,14.0,41.0,0.0,0.0,33000.0,36.0,14.03,1008.61,2.0,0.41488001104335154,0.15216441015943083,31.252566735112936,0,0,0,0,0,0,0,0,0,0,0,0,1,0,0,0,1,6,1.0,0.0,0.0,0.0,0.0,0.0,1.0,2018Q1
2018-01-01,shift,1,69478.05,32.019999999999996,64.8,9199.15,24.0,31.0,0.0,2.0,11000.0,36.0,15.19,339.75,10.0,0.2563336676464009,0.08069217306644721,29.251197809719372,1,0,0,0,0,0,0,0,0,0,0,0,0,1,1,0,1,5,1.0,0.0,0.0,0.0,1.0,0.0,0.0,2018Q1
2018-01-01,shift,1,48549.2,44.22,3.5,12508.09,10.0,8.0,0.0,1.0,23000.0,36.0,19.009999999999998,734.77,2.0,0.47374622032906827,0.18161452711888146,17.251197809719372,0,0,0,0,0,0,0,0,0,0,0,0,0,0,0,0,2,13,0.0,0.0,0.0,1.0,0.0,1.0,0.0,2018Q1
2018-01-01,shift,0,75945.77,25.61,27.8,7761.97,24.0,49.0,0.0,3.0,25000.0,36.0,20.04,805.84,10.0,0.32918225728700884,0.12732875050183834,6.420260095824777,0,0,0,0,0,0,0,0,0,0,0,0,0,0,0,0,3,16,0.0,0.0,1.0,0.0,0.0,0.0,1.0,2018Q1
2018-01-01,shift,1,88489.44,38.120000000000005,8.4,15739.06,2.0,18.0,0.0,2.0,33500.0,36.0,15.35,1036.2,0.0,0.3785762459339781,0.1405184618639241,12.837782340862423,0,0,0,0,0,0,0,0,0,0,0,0,0,0,0,0,1,9,1.0,0.0,0.0,0.0,0.0,0.0,1.0,2018Q1
2018-01-01,shift,1,50019.84,30.12,90.4,5684.32,23.0,31.0,0.0,3.0,35000.0,36.0,24.56,1172.15,10.0,0.699722350171452,0.28120441808690316,15.085557837097879,0,0,0,0,0,0,0,0,0,0,0,0,0,0,0,0,4,22,1.0,0.0,0.0,0.0,1.0,0.0,0.0,2018Q1
2018-01-01,shift,1,68360.21,22.04,59.2,32050.78,11.0,36.0,0.0,1.0,9500.0,36.0,17.130000000000003,298.55,2.0,0.1389697310760163,0.05240767984767747,17.084188911704313,0,0,0,0,0,0,0,0,0,0,0,0,0,0,0,0,2,10,0.0,0.0,0.0,1.0,0.0,1.0,0.0,2018Q1
2018-01-01,shift,1,69122.31,32.79,37.8,10754.68,16.0,25.0,0.0,0.0,33000.0,36.0,15.28,1020.09,2.0,0.4774146002933062,0.177093039859345,1.6700889801505818,0,0,0,0,0,0,0,0,0,0,0,0,1,0,0,0,1,6,1.0,0.0,0.0,0.0,1.0,0.0,0.0,2018Q1
2018-01-01,shift,1,50600.43,35.33,53.5,31194.12,11.0,5.0,0.0,0.0,9500.0,36.0,11.73,284.28,1.0,0.18774544010792002,0.06741760890174252,18.168377823408623,0,0,0,0,0,0,0,0,0,0,0,0,0,0,0,0,0,2,0.0,0.0,0.0,1.0,0.0,0.0,1.0,2018Q1
2018-01-01,shift,0,31863.09,29.43,63.1,13470.75,21.0,29.0,0.0,0.0,2000.0,36.0,17.490000000000002,37.83,1.0,0.06276855132380443,0.01424720577947713,11.586584531143053,0,0,0,0,0,0,0,0,0,0,0,0,0,0,0,0,2,14,0.0,0.0,0.0,1.0,1.0,0.0,0.0,2018Q1
2018-01-01,shift,0,109111.78,30.35,55.6,23167.4,9.0,52.0,0.0,0.0,14000.0,36.0,23.74,279.4,10.0,0.12830878572414453,0.030728121198279414,15.50444900752909,0,0,0,0,0,0,0,0,0,0,0,0,0,0,0,0,4,23,0.0,0.0,1.0,0.0,1.0,0.0,0.0,2018Q1
2018-01-01,shift,0,52443.88,24.08,33.7,26000.24,9.0,45.0,0.0,0.0,16000.0,36.0,20.29,516.85,10.0,0.3050880293372649,0.11826356097222404,25.418206707734427,0,0,0,0,0,0,0,0,0,0,0,0,0,0,0,0,3,16,1.0,0.0,0.0,0.0,0.0,1.0,0.0,2018Q1
2018-01-01,shift,1,73013.48,32.29,71.3,13730.01,7.0,25.0,0.0,1.0,20000.0,36.0,16.93,376.44,1.0,0.273922020974757,0.06186912334544252,31.50444900752909,0,0,0,0,0,0,0,0,0,0,0,0,0,0,0,0,2,11,0.0,1.0,0.0,0.0,0.0,1.0,0.0,2018Q1
2018-01-01,shift,0,32880.85,21.45,31.4,14375.77,4.0,27.0,1.0,0.0,15500.0,36.0,11.35,277.33,2.0,0.47139900580429034,0.10121271195848039,22.168377823408623,0,0,0,0,0,0,0,0,0,0,0,0,1,0,0,0,0,0,0.0,1.0,0.0,0.0,0.0,1.0,0.0,2018Q1
2018-01-01,shift,0,69478.05,22.42,52.3,15126.12,11.0,6.0,1.0,2.0,23000.0,36.0,15.54,712.63,2.0,0.2563336676464009,0.08069217306644721,23.838466803559207,1,0,0,0,0,0,0,0,0,0,0,0,1,1,1,0,1,6,0.0,1.0,0.0,0.0,0.0,1.0,0.0,2018Q1
2018-01-01,shift,0,79174.7,26.9,46.5,15916.99,12.0,34.0,0.0,3.0,26500.0,36.0,17.18,833.16,2.0,0.3347028785710587,0.12627670202728902,17.084188911704313,0,0,0,0,0,0,0,0,0,0,0,0,1,0,0,0,2,10,0.0,1.0,0.0,0.0,1.0,0.0,0.0,2018Q1
2018-01-01,shift,0,40115.4,33.15,80.1,15684.48,14.0,48.0,3.0,0.0,16500.0,36.0,16.67,309.85,2.0,0.41131336095364873,0.09268759628471859,1.5030800821355237,0,0,0,0,0,0,0,0,0,0,0,0,1,0,0,0,2,14,0.0,0.0,0.0,1.0,1.0,0.0,0.0,2018Q1
2018-01-01,shift,1,45093.42,36.620000000000005,56.9,13032.81,3.0,34.0,0.0,1.0,22500.0,36.0,14.92,415.95,0.0,0.4989641504237204,0.11069020712999812,3.167693360711841,0,0,0,0,0,0,0,0,0,0,0,0,0,0,0,0,1,5,1.0,0.0,0.0,0.0,0.0,0.0,1.0,2018Q1
2018-01-01,shift,1,75504.01,39.47,69.3,3319.28,17.0,29.0,0.0,3.0,19000.0,36.0,17.810000000000002,600.68,1.0,0.2516422637685071,0.09546724736871591,12.503764544832306,0,0,0,0,0,0,0,0,0,0,0,0,0,0,0,0,2,11,0.0,1.0,0.0,0.0,0.0,1.0,0.0,2018Q1
2018-01-01,shift,0,72139.1,31.53,63.1,8727.34,14.0,30.0,0.0,0.0,32500.0,36.0,15.56,1007.1,1.0,0.450518512152217,0.16752634840190686,1.1663244353182751,0,0,0,0,0,0,0,0,0,0,0,0,0,0,0,0,1,5,0.0,0.0,0.0,1.0,0.0,0.0,1.0,2018Q1
2018-01-01,shift,1,41770.67,18.18,59.7,7028.92,24.0,16.0,1.0,0.0,32000.0,36.0,16.91,1003.64,5.0,0.766087783605099,0.2883286286765331,18.83915126625599,0,0,0,0,0,0,0,0,0,0,0,0,0,0,0,0,2,11,0.0,1.0,0.0,0.0,0.0,0.0,1.0,2018Q1
2018-01-01,shift,0,30700.62,38.379999999999995,40.7,13777.2,9.0,19.0,0.0,0.0,15000.0,36.0,19.55,288.88,5.0,0.48858948125477597,0.11291498347590376,7.838466803559206,0,0,0,0,0,0,0,0,0,0,0,0,0,0,0,0,3,19,1.0,0.0,0.0,0.0,0.0,1.0,0.0,2018Q1
2018-01-01,shift,0,82938.31,15.24,24.7,17335.99,7.0,7.0,0.0,0.0,5000.0,36.0,17.380000000000003,94.49,0.0,0.06028577143662561,0.013671366103312209,13.503080082135524,0,0,0,0,0,0,0,0,0,0,0,0,0,0,0,0,2,11,1.0,0.0,0.0,0.0,0.0,1.0,0.0,2018Q1
2018-01-01,shift,1,68033.1,31.28,50.2,12554.17,7.0,8.0,0.0,0.0,17000.0,36.0,20.06,328.84,0.0,0.24987836802967964,0.05800235473615049,14.839151266255989,0,0,0,0,0,0,0,0,0,0,0,0,0,0,0,0,3,18,0.0,1.0,0.0,0.0,0.0,1.0,0.0,2018Q1
2018-01-01,shift,0,94640.76,38.05,36.4,3917.58,6.0,14.0,0.0,2.0,2500.0,36.0,19.310000000000002,80.08,10.0,0.026415679671211435,0.010153764614738936,25.166324435318277,0,0,0,0,0,0,0,0,0,0,0,0,0,0,0,0,2,13,0.0,0.0,1.0,0.0,0.0,1.0,0.0,2018Q1
2018-01-01,shift,1,69478.05,33.82,78.4,19524.18,22.0,15.0,0.0,0.0,17000.0,36.0,28.24,586.67,2.0,0.2563336676464009,0.08069217306644721,28.16700889801506,1,0,0,0,0,0,0,0,0,0,0,0,0,1,1,0,5,27,0.0,0.0,1.0,0.0,0.0,0.0,1.0,2018Q1
2018-01-01,shift,1,83337.06,32.46,83.0,29485.75,9.0,14.0,0.0,0.0,34000.0,36.0,12.32,613.81,2.0,0.4079817550559139,0.08838468743677781,17.503080082135522,0,0,0,0,0,0,0,0,0,0,0,0,1,0,0,0,0,1,0.0,0.0,1.0,0.0,1.0,0.0,0.0,2018Q1
2018-01-01,shift,0,26238.41,33.68,95.5,20382.95,10.0,38.0,0.0,1.0,21000.0,36.0,19.08,671.28,0.0,0.8003533750711267,0.30700640778156907,12.251882272416154,0,0,0,0,0,0,0,0,0,0,0,0,0,0,0,0,2,10,0.0,1.0,0.0,0.0,0.0,1.0,0.0,2018Q1
2018-01-01,shift,1,76661.67,21.75,71.4,14207.45,9.0,22.0,0.0,1.0,34500.0,36.0,20.38,1115.28,10.0,0.4500293301724317,0.174576943079899,24.58590006844627,0,0,0,0,0,0,0,0,0,0,0,0,0,0,0,0,3,18,0.0,0.0,1.0,0.0,0.0,0.0,1.0,2018Q1
2018-01-01,shift,0,68379.51,24.5,33.4,27649.75,10.0,36.0,0.0,2.0,28000.0,36.0,23.67,930.8,5.0,0.4094793893667855,0.16334717812397312,5.83709787816564,0,0,0,0,0,0,0,0,0,0,0,0,0,0,0,0,4,20,0.0,0.0,0.0,1.0,1.0,0.0,0.0,2018Q1
2018-01-01,shift,0,64887.67,30.87,70.1,11187.65,18.0,14.0,0.0,0.0,10500.0,36.0,19.619999999999997,202.34,2.0,0.16181810812439407,0.037419743997588455,32.251882272416154,0,0,0,0,0,0,0,0,0,0,0,0,1,0,0,0,3,17,0.0,1.0,0.0,0.0,0.0,1.0,0.0,2018Q1
2018-01-01,shift,0,71916.24,18.8,72.9,7402.18,24.0,38.0,0.0,0.0,26000.0,36.0,21.5,848.63,0.0,0.3615316929806119,0.1416030648988323,1.4182067077344285,0,0,0,0,0,0,0,0,0,0,0,0,0,0,0,0,3,19,0.0,0.0,1.0,0.0,0.0,1.0,0.0,2018Q1
2018-01-01,shift,1,25365.22,24.83,43.8,7911.23,23.0,6.0,0.0,2.0,26500.0,36.0,14.9,816.35,1.0,1.0447376368113503,0.3862059938766547,24.0,0,0,0,0,0,0,0,0,0,0,0,0,0,0,0,0,1,7,0.0,1.0,0.0,0.0,1.0,0.0,0.0,2018Q1
2018-01-01,shift,0,54732.31,28.79,38.1,16478.68,3.0,50.0,0.0,4.0,7500.0,36.0,23.79,149.74,1.0,0.13703057663745602,0.03283033367310827,2.915811088295688,0,0,0,0,0,0,0,0,0,0,0,0,0,0,0,0,4,21,0.0,1.0,0.0,0.0,0.0,0.0,1.0,2018Q1
2018-01-01,shift,0,76518.72,42.52,67.2,13968.09,23.0,20.0,1.0,2.0,17000.0,36.0,17.93,538.01,2.0,0.22216785644088138,0.08437307890147665,4.418891170431212,0,0,0,0,0,0,0,0,0,0,0,0,1,0,0,0,2,12,0.0,1.0,0.0,0.0,0.0,0.0,1.0,2018Q1
2018-01-01,shift,1,19583.96,37.03,42.1,13820.69,14.0,12.0,0.0,1.0,31500.0,36.0,17.630000000000003,994.27,1.0,1.608459167604509,0.609235312980623,13.503080082135524,0,0,0,0,0,0,0,0,0,0,0,0,0,0,0,0,2,14,1.0,0.0,0.0,0.0,0.0,0.0,1.0,2018Q1
2018-01-01,shift,0,96590.6,32.010000000000005,32.8,8470.18,3.0,44.0,0.0,2.0,30000.0,36.0,20.71,972.59,2.0,0.310589229179651,0.12083039136313471,31.50444900752909,0,0,0,0,0,0,0,0,0,0,0,0,1,0,0,0,3,17,0.0,1.0,0.0,0.0,1.0,0.0,0.0,2018Q1
2018-01-01,shift,1,69478.05,31.92,26.3,22189.87,17.0,42.0,0.0,1.0,18000.0,36.0,20.97,584.84,2.0,0.2563336676464009,0.08069217306644721,32.33401779603012,1,0,0,0,0,0,0,0,0,0,0,0,1,1,1,0,3,15,0.0,1.0,0.0,0.0,0.0,0.0,1.0,2018Q1
2018-01-01,shift,0,64526.67,23.48,51.3,17081.44,13.0,37.0,1.0,0.0,24500.0,36.0,18.15,776.84,2.0,0.3796879646818905,0.14446863599190848,28.16700889801506,0,0,0,0,0,0,0,0,0,0,0,0,1,0,0,0,2,14,0.0,1.0,0.0,0.0,0.0,1.0,0.0,2018Q1
2018-01-01,shift,0,29808.94,23.42,28.6,14670.87,11.0,6.0,1.0,1.0,26000.0,36.0,25.01,873.96,0.0,0.8722215550100071,0.3518246539460981,30.67214236824093,0,0,0,0,0,0,0,0,0,0,0,0,0,0,0,0,4,21,0.0,0.0,0.0,1.0,0.0,1.0,0.0,2018Q1
2018-01-01,shift,1,68442.58,42.26,79.4,7016.71,24.0,29.0,0.0,3.0,20500.0,36.0,17.66,388.33,2.0,0.299521146046803,0.06808568584059806,26.587268993839835,0,0,0,0,0,0,0,0,0,0,0,0,0,0,0,0,2,11,0.0,0.0,0.0,1.0,1.0,0.0,0.0,2018Q1
2018-01-01,shift,1,35840.3,36.53,56.0,7559.19,8.0,5.0,0.0,4.0,26000.0,36.0,18.53,827.15,5.0,0.725440356247018,0.2769452264629481,6.754277891854894,0,0,0,0,0,0,0,0,0,0,0,0,0,0,0,0,2,12,0.0,1.0,0.0,0.0,0.0,1.0,0.0,2018Q1
2018-01-01,shift,0,90243.24,31.52,42.2,7502.28,2.0,46.0,0.0,1.0,26000.0,36.0,16.33,811.3,5.0,0.28811022299288014,0.10788176488344167,18.50513347022587,0,0,0,0,0,0,0,0,0,0,0,0,0,0,0,0,2,11,0.0,0.0,1.0,0.0,1.0,0.0,0.0,2018Q1
2018-01-01,shift,0,102987.4,44.64,37.0,16901.76,11.0,26.0,0.0,0.0,32500.0,36.0,19.189999999999998,623.93,10.0,0.3155725846074374,0.07269976715598218,6.754277891854894,0,0,0,0,0,0,0,0,0,0,0,0,0,0,0,0,2,10,0.0,0.0,0.0,1.0,1.0,0.0,0.0,2018Q1
2018-01-01,shift,0,78899.79,35.32,45.8,568.68,16.0,27.0,0.0,0.0,22500.0,36.0,15.89,699.3,2.0,0.2851718616741566,0.10635769752999344,28.83778234086242,0,0,0,0,0,0,0,0,0,0,0,0,0,0,0,0,1,8,0.0,0.0,1.0,0.0,1.0,0.0,0.0,2018Q1
2018-01-01,shift,1,44780.44,33.95,50.8,1173.25,15.0,7.0,0.0,0.0,1000.0,36.0,15.27,18.54,2.0,0.02233117852348034,0.004968240597903906,5.333333333333333,0,0,0,0,0,0,0,0,0,0,0,0,1,0,0,0,1,7,1.0,0.0,0.0,0.0,0.0,1.0,0.0,2018Q1
2018-01-01,shift,1,18000.0,33.620000000000005,41.4,11305.18,22.0,47.0,0.0,1.0,15500.0,36.0,21.43,505.6,2.0,0.8611111111111112,0.3370666666666667,30.086242299794662,0,0,0,0,0,0,0,0,0,0,0,0,0,0,0,0,3,19,1.0,0.0,0.0,0.0,1.0,0.0,0.0,2018Q1
2018-01-01,shift,0,38368.27,31.63,60.7,27558.25,7.0,11.0,0.0,3.0,9500.0,36.0,19.02,303.52,2.0,0.2476004260812385,0.09492843956738212,10.25325119780972,0,0,0,0,0,0,0,0,0,0,0,0,1,0,0,0,2,13,1.0,0.0,0.0,0.0,0.0,0.0,1.0,2018Q1
2018-01-01,shift,0,69478.05,20.259999999999998,58.4,20388.62,4.0,41.0,0.0,1.0,8500.0,36.0,18.33,161.96,10.0,0.2563336676464009,0.08069217306644721,9.333333333333334,1,0,0,0,0,0,0,0,0,0,0,0,0,1,1,0,2,12,0.0,0.0,0.0,1.0,1.0,0.0,0.0,2018Q1
2018-01-01,shift,0,46974.74,25.39,67.6,21774.94,17.0,31.0,0.0,0.0,1500.0,36.0,21.13,48.8,5.0,0.03193205539828427,0.012466274427490178,28.914442162902123,0,0,0,0,0,0,0,0,0,0,0,0,0,0,0,0,3,16,0.0,0.0,0.0,1.0,0.0,1.0,0.0,2018Q1
2018-01-01,shift,0,60771.87,21.41,17.0,16701.74,2.0,49.0,1.0,2.0,25000.0,36.0,16.32,779.98,10.0,0.411374538910848,0.15401467817264797,30.754277891854894,0,0,0,0,0,0,0,0,0,0,0,0,0,0,0,0,2,12,0.0,0.0,0.0,1.0,0.0,1.0,0.0,2018Q1
2018-01-01,shift,0,47364.21,30.11,78.6,18438.42,24.0,51.0,0.0,2.0,4500.0,36.0,21.9,147.38,0.0,0.09500844625087171,0.037339586155875924,5.585215605749487,0,0,0,0,0,0,0,0,0,0,0,0,0,0,0,0,3,19,0.0,0.0,1.0,0.0,0.0,1.0,0.0,2018Q1
2018-01-01,shift,1,70817.0,30.65,65.7,10658.21,13.0,5.0,0.0,2.0,12500.0,36.0,21.49,407.96,0.0,0.1765112896620868,0.06912916390132312,29.916495550992472,0,0,0,0,0,0,0,0,0,0,0,0,0,0,0,0,3,18,0.0,1.0,0.0,0.0,0.0,1.0,0.0,2018Q1
2018-01-01,shift,1,84499.87,28.36,74.0,23756.07,5.0,47.0,0.0,2.0,31000.0,36.0,14.78,953.97,0.0,0.36686446973232034,0.1354752380092419,27.085557837097877,0,0,0,0,0,0,0,0,0,0,0,0,0,0,0,0,1,9,0.0,0.0,1.0,0.0,0.0,1.0,0.0,2018Q1
2018-01-01,shift,0,73440.56,31.04,38.0,14321.56,22.0,40.0,0.0,0.0,30500.0,36.0,22.79,603.84,2.0,0.4153018441035853,0.09866591431220025,4.167008898015058,0,0,0,0,0,0,0,0,0,0,0,0,0,0,0,0,3,16,0.0,0.0,1.0,0.0,1.0,0.0,0.0,2018Q1
2018-01-01,shift,1,61321.97,31.23,91.4,29142.68,4.0,45.0,0.0,1.0,29500.0,36.0,17.73,931.99,0.0,0.4810673890613755,0.1823796593618894,20.58590006844627,0,0,0,0,0,0,0,0,0,0,0,0,0,0,0,0,2,14,0.0,1.0,0.0,0.0,0.0,1.0,0.0,2018Q1
2018-01-01,shift,0,95772.12,24.26,77.0,28284.95,4.0,6.0,0.0,2.0,12500.0,36.0,15.88,388.48,1.0,0.13051815079378007,0.04867554357155298,8.41889117043121,0,0,0,0,0,0,0,0,0,0,0,0,0,0,0,0,1,7,0.0,0.0,0.0,1.0,1.0,0.0,0.0,2018Q1
2018-01-01,shift,0,43230.96,21.509999999999998,71.5,30895.41,10.0,37.0,0.0,1.0,29000.0,36.0,18.380000000000003,921.4,2.0,0.6708155451556015,0.2557611489543605,22.001368925393567,0,0,0,0,0,0,0,0,0,0,0,0,1,0,0,0,2,10,0.0,1.0,0.0,0.0,0.0,1.0,0.0,2018Q1
2018-01-01,shift,0,110179.98,26.01,28.8,7150.41,9.0,26.0,0.0,0.0,24000.0,36.0,19.89,772.63,0.0,0.21782541619629991,0.08414922565787361,7.000684462696783,0,0,0,0,0,0,0,0,0,0,0,0,0,0,0,0,3,16,1.0,0.0,0.0,0.0,1.0,0.0,0.0,2018Q1
2018-01-01,shift,0,63585.41,34.03,78.4,23283.59,2.0,42.0,0.0,1.0,26500.0,36.0,14.92,816.5,2.0,0.4167622729805469,0.1540919528552226,15.915126625598905,0,0,0,0,0,0,0,0,0,0,0,0,0,0,0,0,1,6,1.0,0.0,0.0,0.0,0.0,0.0,1.0,2018Q1
2018-01-01,shift,1,85037.32,25.34,58.7,8917.76,18.0,52.0,0.0,2.0,29000.0,36.0,22.52,954.71,2.0,0.3410267397890714,0.13472343672166526,11.671457905544148,0,0,0,0,0,0,0,0,0,0,0,0,0,0,0,0,3,15,0.0,0.0,1.0,0.0,1.0,0.0,0.0,2018Q1
2018-01-01,shift,1,82663.52,43.88,64.1,17281.93,4.0,48.0,0.0,0.0,32500.0,36.0,24.88,1091.26,5.0,0.39316012674030815,0.15841473965783212,10.67214236824093,0,0,0,0,0,0,0,0,0,0,0,0,0,0,0,0,4,23,0.0,0.0,0.0,1.0,0.0,0.0,1.0,2018Q1
2018-01-01,shift,0,72245.84,18.96,48.0,1764.59,24.0,17.0,0.0,0.0,32500.0,36.0,21.57,1061.36,5.0,0.4498528911837692,0.1762913961551281,24.670773442847366,0,0,0,0,0,0,0,0,0,0,0,0,0,0,0,0,3,15,0.0,0.0,0.0,1.0,0.0,1.0,0.0,2018Q1
2018-01-01,shift,1,103673.9,22.04,69.8,24880.84,13.0,22.0,0.0,1.0,30500.0,36.0,19.47,978.27,0.0,0.29419169144789575,0.11323235645615723,26.168377823408623,0,0,0,0,0,0,0,0,0,0,0,0,0,0,0,0,2,10,0.0,0.0,1.0,0.0,1.0,0.0,0.0,2018Q1
2018-01-01,shift,1,55204.78,38.06,89.8,14897.73,22.0,42.0,0.0,2.0,31500.0,36.0,19.18,1007.86,1.0,0.570602763021608,0.2190810288529363,3.838466803559206,0,0,0,0,0,0,0,0,0,0,0,0,0,0,0,0,2,10,0.0,1.0,0.0,0.0,0.0,0.0,1.0,2018Q1
2018-01-01,shift,0,18000.0,20.09,55.1,6716.05,22.0,22.0,0.0,2.0,17500.0,36.0,16.009999999999998,326.71,2.0,0.9722222222222222,0.21780666666666665,15.75359342915811,0,0,0,0,0,0,0,0,0,0,0,0,1,0,0,0,2,13,0.0,1.0,0.0,0.0,0.0,0.0,1.0,2018Q1
2018-01-01,shift,0,56480.11,17.619999999999997,47.0,8460.32,18.0,41.0,0.0,1.0,30000.0,36.0,15.7,558.5,0.0,0.5311604386039617,0.11866124198412502,25.251197809719372,0,0,0,0,0,0,0,0,0,0,0,0,0,0,0,0,1,8,1.0,0.0,0.0,0.0,0.0,0.0,1.0,2018Q1
2018-01-01,shift,1,65080.17,27.74,49.2,12104.64,24.0,35.0,0.0,1.0,2500.0,36.0,14.22,76.54,2.0,0.03841415902877943,0.014113054713901332,18.67214236824093,0,0,0,0,0,0,0,0,0,0,0,0,0,0,0,0,1,8,1.0,0.0,0.0,0.0,1.0,0.0,0.0,2018Q1
2018-01-01,shift,1,62612.78,29.49,64.7,14243.48,18.0,39.0,1.0,0.0,2000.0,36.0,22.12,39.37,1.0,0.03194236064905599,0.007545424432520006,18.33538672142368,0,0,0,0,0,0,0,0,0,0,0,0,0,0,0,0,3,15,0.0,1.0,0.0,0.0,0.0,0.0,1.0,2018Q1
2018-01-01,shift,1,70915.13,28.19,40.8,11942.41,2.0,49.0,0.0,0.0,25500.0,36.0,20.1,822.35,10.0,0.35958475997999295,0.13915507170331634,19.586584531143053,0,0,0,0,0,0,0,0,0,0,0,0,0,0,0,0,3,17,0.0,0.0,1.0,0.0,0.0,1.0,0.0,2018Q1
2018-01-01,shift,0,62883.83,21.78,66.0,28083.03,14.0,45.0,0.0,2.0,22500.0,36.0,16.84,705.26,5.0,0.3578026338408459,0.1345834056227173,17.67008898015058,0,0,0,0,0,0,0,0,0,0,0,0,0,0,0,0,2,10,0.0,1.0,0.0,0.0,0.0,1.0,0.0,2018Q1
2018-01-01,shift,0,56244.72,33.54,58.8,0.0,22.0,33.0,0.0,2.0,29500.0,36.0,20.59,573.23,2.0,0.5244936769175844,0.12230054661130857,15.000684462696784,0,0,0,0,0,0,0,0,0,0,0,0,1,0,0,0,3,19,0.0,0.0,0.0,1.0,1.0,0.0,0.0,2018Q1
2018-01-01,shift,1,54518.59,35.8,37.5,21213.97,20.0,33.0,0.0,0.0,17500.0,36.0,17.64,331.44,2.0,0.3209914269609688,0.0729527304356184,5.670088980150582,0,0,0,0,0,0,0,0,0,0,0,0,1,0,0,0,2,11,0.0,0.0,1.0,0.0,1.0,0.0,0.0,2018Q1
2018-01-01,shift,0,69478.05,28.8,51.3,15167.59,16.0,46.0,0.0,2.0,2000.0,36.0,19.57,64.2,10.0,0.2563336676464009,0.08069217306644721,6.420260095824777,1,0,0,0,0,0,0,0,0,0,0,0,0,1,1,0,3,19,0.0,0.0,1.0,0.0,0.0,0.0,1.0,2018Q1
2018-01-01,shift,0,96199.07,26.85,100.0,15569.18,10.0,21.0,2.0,1.0,28500.0,36.0,24.7,955.54,10.0,0.2962606603161548,0.11919533109831518,20.16700889801506,0,0,0,0,0,0,0,0,0,0,0,0,0,0,0,0,4,24,0.0,0.0,1.0,0.0,1.0,0.0,0.0,2018Q1
2018-01-01,shift,1,18000.0,32.8,37.3,12620.64,15.0,44.0,0.0,1.0,3000.0,36.0,19.83,96.53,10.0,0.16666666666666666,0.06435333333333333,5.503080082135524,0,0,0,0,0,0,0,0,0,0,0,0,0,0,0,0,3,17,1.0,0.0,0.0,0.0,1.0,0.0,0.0,2018Q1
2018-01-01,shift,1,41693.22,16.189999999999998,39.6,12596.74,6.0,5.0,0.0,1.0,25000.0,36.0,17.0,784.76,2.0,0.5996178755202884,0.22586693951678474,2.915811088295688,0,0,0,0,0,0,0,0,0,0,0,0,1,0,0,0,2,13,0.0,0.0,0.0,1.0,1.0,0.0,0.0,2018Q1
2018-01-01,shift,1,91852.83,27.65,39.3,17378.22,10.0,31.0,0.0,3.0,28500.0,36.0,17.27,538.05,1.0,0.31027895384388265,0.07029288046976886,19.838466803559207,0,0,0,0,0,0,0,0,0,0,0,0,0,0,0,0,2,10,1.0,0.0,0.0,0.0,0.0,1.0,0.0,2018Q1
2018-01-01,shift,1,53079.66,23.64,82.7,10088.47,9.0,24.0,0.0,1.0,28000.0,36.0,18.9,893.68,2.0,0.5275090307662106,0.20203897312077732,28.670773442847366,0,0,0,0,0,0,0,0,0,0,0,0,1,0,0,0,2,12,1.0,0.0,0.0,0.0,1.0,0.0,0.0,2018Q1
2018-01-01,shift,1,77966.05,35.08,70.7,8501.91,16.0,33.0,0.0,0.0,24500.0,36.0,17.22,770.52,2.0,0.3142393387891268,0.11859315689328881,16.670773442847366,0,0,0,0,0,0,0,0,0,0,0,0,0,0,0,0,2,12,0.0,0.0,0.0,1.0,0.0,1.0,0.0,2018Q1
2018-01-01,shift,0,79438.32,15.059999999999999,55.0,30128.61,18.0,49.0,0.0,1.0,33000.0,36.0,22.04,1082.04,2.0,0.41541664023106223,0.16345360778022494,11.586584531143053,0,0,0,0,0,0,0,0,0,0,0,0,1,0,0,0,3,17,0.0,0.0,1.0,0.0,1.0,0.0,0.0,2018Q1
2018-01-01,shift,1,79599.59,27.54,69.6,13356.53,15.0,42.0,2.0,0.0,30000.0,36.0,19.14,575.71,2.0,0.3768863633594093,0.08679089929985821,24.418891170431213,0,0,0,0,0,0,0,0,0,0,0,0,0,0,0,0,2,14,1.0,0.0,0.0,0.0,1.0,0.0,0.0,2018Q1
2018-01-01,shift,0,49261.66,23.55,41.7,1252.21,11.0,35.0,0.0,2.0,35000.0,36.0,19.53,1123.24,2.0,0.7104916886682259,0.2736180632158965,13.333333333333334,0,0,0,0,0,0,0,0,0,0,0,0,1,0,0,0,3,15,0.0,0.0,1.0,0.0,1.0,0.0,0.0,2018Q1
2018-01-01,shift,1,42947.27,42.6,21.6,25881.67,6.0,6.0,0.0,1.0,29000.0,36.0,16.58,906.88,2.0,0.6752466454794449,0.2533935218699582,11.3347022587269,0,0,0,0,0,0,0,0,0,0,0,0,0,0,0,0,2,13,1.0,0.0,0.0,0.0,0.0,1.0,0.0,2018Q1
2018-01-01,shift,0,69478.05,26.28,39.4,13623.32,18.0,8.0,0.0,1.0,28000.0,36.0,23.66,930.68,2.0,0.2563336676464009,0.08069217306644721,30.587268993839835,1,0,0,0,0,0,0,0,0,0,0,0,1,1,1,0,4,21,0.0,0.0,0.0,1.0,0.0,1.0,0.0,2018Q1
2018-01-01,shift,0,85964.68,29.81,73.2,18255.53,24.0,44.0,0.0,0.0,12500.0,36.0,20.08,241.83,2.0,0.14540855616515994,0.03375758509192381,18.001368925393567,0,0,0,0,0,0,0,0,0,0,0,0,0,0,0,0,3,18,0.0,0.0,0.0,1.0,0.0,0.0,1.0,2018Q1
2018-01-01,shift,0,33194.55,29.18,82.5,7818.99,10.0,37.0,3.0,0.0,20000.0,36.0,16.240000000000002,623.56,10.0,0.6025085443242941,0.2254201367393141,31.67145790554415,0,0,0,0,0,0,0,0,0,0,0,0,0,0,0,0,2,10,0.0,1.0,0.0,0.0,0.0,1.0,0.0,2018Q1
2018-01-01,shift,1,99457.59,31.0,37.7,8619.87,21.0,44.0,0.0,0.0,23500.0,36.0,21.89,769.58,2.0,0.2362816151085101,0.09285324528776538,16.83778234086242,0,0,0,0,0,0,0,0,0,0,0,0,0,0,0,0,3,19,0.0,1.0,0.0,0.0,1.0,0.0,0.0,2018Q1
2018-01-01,shift,1,75432.89,18.39,44.0,8792.37,14.0,23.0,0.0,2.0,22500.0,36.0,24.02,750.12,2.0,0.2982783769785302,0.11933044060753871,17.503080082135522,0,0,0,0,0,0,0,0,0,0,0,0,0,0,0,0,4,21,1.0,0.0,0.0,0.0,0.0,0.0,1.0,2018Q1
2018-01-01,shift,0,91580.44,31.97,46.2,7754.85,9.0,36.0,0.0,2.0,2500.0,36.0,22.84,82.52,2.0,0.027298405642078156,0.010812789281204587,12.334017796030116,0,0,0,0,0,0,0,0,0,0,0,0,1,0,0,0,3,19,1.0,0.0,0.0,0.0,0.0,1.0,0.0,2018Q1
2018-01-01,shift,1,52907.77,40.45,59.2,6384.05,6.0,16.0,0.0,0.0,7000.0,36.0,19.45,224.49,5.0,0.13230570859440874,0.05091652889547226,4.418891170431212,0,0,0,0,0,0,0,0,0,0,0,0,0,0,0,0,2,13,0.0,1.0,0.0,0.0,0.0,1.0,0.0,2018Q1
2018-01-01,shift,1,81718.46,20.869999999999997,52.0,15587.51,10.0,52.0,1.0,1.0,1500.0,36.0,20.7,48.62,0.0,0.018355705675314977,0.007139635279470513,9.333333333333334,0,0,0,0,0,0,0,0,0,0,0,0,0,0,0,0,3,16,1.0,0.0,0.0,0.0,1.0,0.0,0.0,2018Q1
2018-01-01,shift,1,71932.32,30.74,18.1,17554.91,13.0,10.0,0.0,0.0,19500.0,36.0,19.02,373.81,2.0,0.27108815620016147,0.06236028533488145,31.000684462696782,0,0,0,0,0,0,0,0,0,0,0,0,1,0,0,0,2,10,0.0,0.0,1.0,0.0,0.0,1.0,0.0,2018Q1
2018-01-01,shift,0,76751.86,26.27,80.2,7389.62,24.0,19.0,0.0,2.0,29000.0,36.0,20.73,564.18,2.0,0.37784100606812654,0.08820841605662715,12.999315537303216,0,0,0,0,0,0,0,0,0,0,0,0,1,0,0,0,3,17,0.0,0.0,0.0,1.0,0.0,1.0,0.0,2018Q1
2018-01-01,shift,1,20539.85,29.07,40.8,15317.98,13.0,44.0,0.0,0.0,33000.0,36.0,21.99,648.96,1.0,1.606632959831742,0.37914200931360265,14.08624229979466,0,0,0,0,0,0,0,0,0,0,0,0,0,0,0,0,3,15,1.0,0.0,0.0,0.0,0.0,1.0,0.0,2018Q1
2018-01-01,shift,1,90662.43,32.25,6.4,18464.9,11.0,11.0,3.0,1.0,16000.0,36.0,16.86,501.6,0.0,0.17647883472790218,0.06639133762463681,25.67008898015058,0,0,0,0,0,0,0,0,0,0,0,0,0,0,0,0,2,11,0.0,0.0,0.0,1.0,1.0,0.0,0.0,2018Q1
2018-01-01,shift,1,69478.05,25.76,25.1,0.0,6.0,33.0,0.0,0.0,16000.0,36.0,23.99,319.97,5.0,0.2563336676464009,0.08069217306644721,17.752224503764545,1,0,0,0,0,0,0,0,0,0,0,0,0,1,1,0,4,22,1.0,0.0,0.0,0.0,0.0,0.0,1.0,2018Q1
2018-01-01,shift,1,49642.16,31.82,77.5,25193.59,8.0,18.0,0.0,0.0,31000.0,36.0,15.84,577.84,1.0,0.6244692011789978,0.13968127091971821,32.67077344284736,0,0,0,0,0,0,0,0,0,0,0,0,0,0,0,0,1,9,0.0,0.0,0.0,1.0,0.0,1.0,0.0,2018Q1
2018-01-01,shift,1,54197.69,29.05,22.8,37559.45,15.0,27.0,0.0,0.0,11500.0,36.0,22.74,379.31,2.0,0.21218616512991603,0.08398365317783839,19.586584531143053,0,0,0,0,0,0,0,0,0,0,0,0,1,0,0,0,3,18,0.0,0.0,0.0,1.0,0.0,1.0,0.0,2018Q1
2018-01-01,shift,0,57152.1,16.34,81.3,0.0,14.0,11.0,3.0,0.0,14500.0,36.0,23.4,480.91,2.0,0.25370896257530345,0.10097476733138415,28.752908966461327,0,0,0,0,0,0,0,0,0,0,0,0,1,0,0,0,4,24,0.0,1.0,0.0,0.0,1.0,0.0,0.0,2018Q1
2018-01-01,shift,0,68810.72,29.05,65.8,8603.09,12.0,29.0,2.0,0.0,7500.0,36.0,16.83,235.06,2.0,0.10899464502042705,0.040992450013602535,28.0,0,0,0,0,0,0,0,0,0,0,0,0,1,0,0,0,2,10,1.0,0.0,0.0,0.0,1.0,0.0,0.0,2018Q1
2018-01-01,shift,0,47378.37,41.24,62.0,19219.55,16.0,16.0,0.0,2.0,32500.0,36.0,13.33,986.98,2.0,0.6859670351681579,0.24998242869056067,18.001368925393567,0,0,0,0,0,0,0,0,0,0,0,0,1,0,0,0,1,8,0.0,1.0,0.0,0.0,0.0,0.0,1.0,2018Q1
2018-01-01,shift,0,68082.87,21.119999999999997,0.0,12809.99,5.0,22.0,0.0,0.0,7000.0,36.0,14.45,128.86,5.0,0.10281587718026576,0.022712321028769796,8.251882272416154,0,0,0,0,0,0,0,0,0,0,0,0,0,0,0,0,1,5,0.0,0.0,1.0,0.0,0.0,0.0,1.0,2018Q1
2018-01-01,shift,1,102219.7,28.28,55.6,18261.56,9.0,27.0,0.0,0.0,33000.0,36.0,22.51,1086.33,2.0,0.3228340525358615,0.12752884228773906,26.168377823408623,0,0,0,0,0,0,0,0,0,0,0,0,1,0,0,0,3,18,1.0,0.0,0.0,0.0,0.0,1.0,0.0,2018Q1
2018-01-01,shift,1,75189.97,30.68,47.6,14958.48,3.0,46.0,0.0,1.0,14000.0,36.0,20.12,270.95,10.0,0.18619504702555406,0.04324246970706332,12.167008898015059,0,0,0,0,0,0,0,0,0,0,0,0,0,0,0,0,3,16,0.0,1.0,0.0,0.0,1.0,0.0,0.0,2018Q1
2018-01-01,shift,0,73894.0,34.6,79.8,17811.61,9.0,16.0,1.0,1.0,20000.0,36.0,18.34,635.23,10.0,0.27065796952391263,0.10315803718840502,3.5044490075290895,0,0,0,0,0,0,0,0,0,0,0,0,0,0,0,0,2,13,1.0,0.0,0.0,0.0,1.0,0.0,0.0,2018Q1
2018-01-01,shift,1,42871.13,37.08,70.2,25868.67,23.0,38.0,0.0,0.0,23500.0,36.0,20.62,761.26,1.0,0.5481544339978909,0.2130832567277793,26.587268993839835,0,0,0,0,0,0,0,0,0,0,0,0,0,0,0,0,3,16,0.0,0.0,0.0,1.0,0.0,1.0,0.0,2018Q1
2018-01-01,shift,1,69478.05,30.4,68.3,23404.39,8.0,23.0,0.0,0.0,23000.0,36.0,18.25,437.96,2.0,0.2563336676464009,0.08069217306644721,14.001368925393566,1,0,0,0,0,0,0,0,0,0,0,0,1,1,1,0,2,10,0.0,1.0,0.0,0.0,0.0,1.0,0.0,2018Q1
2018-01-01,shift,1,54625.67,25.8,46.2,27659.57,22.0,20.0,0.0,0.0,22500.0,36.0,16.05,700.29,5.0,0.41189426143423047,0.15383756391454786,10.754277891854894,0,0,0,0,0,0,0,0,0,0,0,0,0,0,0,0,2,14,0.0,0.0,1.0,0.0,0.0,0.0,1.0,2018Q1
2018-01-01,shift,1,122634.78,27.64,60.6,28187.47,5.0,14.0,0.0,0.0,32500.0,36.0,23.99,649.93,1.0,0.2650145415517523,0.06359664036580813,12.503764544832306,0,0,0,0,0,0,0,0,0,0,0,0,0,0,0,0,4,22,0.0,1.0,0.0,0.0,0.0,1.0,0.0,2018Q1
2018-01-01,shift,1,85844.92,36.230000000000004,66.8,13361.68,2.0,12.0,0.0,0.0,31500.0,36.0,15.82,587.05,1.0,0.3669407578223615,0.08206193214461613,14.839151266255989,0,0,0,0,0,0,0,0,0,0,0,0,0,0,0,0,1,8,1.0,0.0,0.0,0.0,1.0,0.0,0.0,2018Q1
2018-01-01,shift,1,51070.18,28.71,53.0,8773.62,10.0,35.0,1.0,1.0,27000.0,36.0,19.060000000000002,862.95,1.0,0.5286842537073494,0.2027680341052254,6.672142368240931,0,0,0,0,0,0,0,0,0,0,0,0,0,0,0,0,2,13,1.0,0.0,0.0,0.0,0.0,0.0,1.0,2018Q1
2018-01-01,shift,0,69018.11,22.52,62.6,15960.66,11.0,36.0,0.0,0.0,18500.0,36.0,16.869999999999997,580.01,1.0,0.2680455897734667,0.10084483623211357,8.999315537303216,0,0,0,0,0,0,0,0,0,0,0,0,0,0,0,0,2,10,0.0,1.0,0.0,0.0,1.0,0.0,0.0,2018Q1
2018-01-01,shift,1,64074.4,37.2,65.3,19197.51,3.0,28.0,0.0,0.0,22500.0,36.0,19.71,433.91,0.0,0.35115428314584296,0.08126365599990011,24.58590006844627,0,0,0,0,0,0,0,0,0,0,0,0,0,0,0,0,3,17,0.0,0.0,1.0,0.0,0.0,1.0,0.0,2018Q1
2018-01-01,shift,0,29350.62,28.14,29.3,18253.57,6.0,7.0,0.0,1.0,27500.0,36.0,19.5,882.27,2.0,0.9369478396027069,0.3607160598311041,8.752908966461328,0,0,0,0,0,0,0,0,0,0,0,0,1,0,0,0,2,10,0.0,0.0,1.0,0.0,0.0,1.0,0.0,2018Q1
2018-01-01,shift,1,53838.71,25.56,72.5,9364.22,17.0,32.0,0.0,1.0,9500.0,36.0,15.94,295.39,2.0,0.1764529647905754,0.06583887318251123,11.000684462696784,0,0,0,0,0,0,0,0,0,0,0,0,0,0,0,0,1,8,1.0,0.0,0.0,0.0,0.0,1.0,0.0,2018Q1
2018-01-01,shift,0,78230.7,18.8,34.8,11648.74,15.0,9.0,0.0,0.0,2000.0,36.0,16.47,37.49,0.0,0.025565411021504347,0.005750683555177188,14.505133470225873,0,0,0,0,0,0,0,0,0,0,0,0,0,0,0,0,2,12,1.0,0.0,0.0,0.0,1.0,0.0,0.0,2018Q1
2018-01-01,shift,0,73434.12,30.07,43.6,9348.92,8.0,48.0,0.0,0.0,35000.0,36.0,16.54,1094.16,2.0,0.4766176812631513,0.1787986293020193,22.253251197809718,0,0,0,0,0,0,0,0,0,0,0,0,1,0,0,0,2,13,1.0,0.0,0.0,0.0,0.0,1.0,0.0,2018Q1
2018-01-01,shift,1,20666.88,33.34,47.4,9943.28,8.0,33.0,0.0,1.0,11000.0,36.0,22.69,362.66,2.0,0.5322525702960486,0.2105746005202527,1.1663244353182751,0,0,0,0,0,0,0,0,0,0,0,0,1,0,0,0,3,17,0.0,1.0,0.0,0.0,0.0,0.0,1.0,2018Q1
2018-01-01,shift,0,84171.18,17.509999999999998,70.8,1452.63,11.0,40.0,0.0,1.0,2000.0,36.0,16.46,62.48,5.0,0.02376110207793214,0.008907561946975201,1.5852156057494866,0,0,0,0,0,0,0,0,0,0,0,0,0,0,0,0,2,13,0.0,0.0,1.0,0.0,1.0,0.0,0.0,2018Q1
2018-01-01,shift,1,69478.05,40.5,45.4,24230.19,13.0,44.0,0.0,3.0,22500.0,36.0,20.82,730.11,2.0,0.2563336676464009,0.08069217306644721,17.585215605749486,1,0,0,0,0,0,0,0,0,0,0,0,1,1,1,0,3,19,0.0,0.0,0.0,1.0,0.0,1.0,0.0,2018Q1
2018-01-01,shift,1,77869.25,27.95,38.1,11248.04,10.0,24.0,0.0,2.0,18000.0,36.0,19.259999999999998,576.3,0.0,0.23115671462098325,0.08881040975738175,16.999315537303218,0,0,0,0,0,0,0,0,0,0,0,0,0,0,0,0,2,11,1.0,0.0,0.0,0.0,0.0,1.0,0.0,2018Q1
2018-01-01,shift,0,72022.48,30.81,60.0,6560.99,2.0,15.0,0.0,1.0,20500.0,36.0,16.27,383.59,5.0,0.2846333533641163,0.06391171200991691,7.5044490075290895,0,0,0,0,0,0,0,0,0,0,0,0,0,0,0,0,2,11,0.0,0.0,0.0,1.0,0.0,1.0,0.0,2018Q1
2018-01-01,shift,0,36252.67,31.65,40.4,5532.66,14.0,52.0,0.0,1.0,7500.0,36.0,16.46,234.3,5.0,0.20688131384529748,0.07755566693432511,19.000684462696782,0,0,0,0,0,0,0,0,0,0,0,0,0,0,0,0,2,11,1.0,0.0,0.0,0.0,0.0,1.0,0.0,2018Q1
2018-01-01,shift,0,81624.14,20.85,43.9,23531.21,12.0,21.0,0.0,0.0,3500.0,36.0,19.869999999999997,67.59,2.0,0.042879471685704745,0.009936766255668973,29.83709787816564,0,0,0,0,0,0,0,0,0,0,0,0,0,0,0,0,3,19,0.0,0.0,0.0,1.0,0.0,0.0,1.0,2018Q1
2018-01-01,shift,1,65551.42,37.33,41.8,25395.36,18.0,38.0,0.0,0.0,6000.0,36.0,20.11,193.52,5.0,0.09153119795116567,0.03542623485501916,26.253251197809718,0,0,0,0,0,0,0,0,0,0,0,0,0,0,0,0,3,17,0.0,0.0,1.0,0.0,0.0,0.0,1.0,2018Q1
2018-01-01,shift,1,69449.03,34.96,36.3,9008.95,3.0,24.0,0.0,1.0,9000.0,36.0,18.65,286.62,1.0,0.12959144281784785,0.04952466578726874,17.585215605749486,0,0,0,0,0,0,0,0,0,0,0,0,0,0,0,0,2,13,0.0,0.0,0.0,1.0,0.0,0.0,1.0,2018Q1
2018-01-01,shift,0,49851.06,32.019999999999996,29.9,14993.34,22.0,13.0,0.0,0.0,27000.0,36.0,21.77,883.29,0.0,0.5416133578704244,0.21262296127705207,12.334017796030116,0,0,0,0,0,0,0,0,0,0,0,0,0,0,0,0,3,15,1.0,0.0,0.0,0.0,0.0,0.0,1.0,2018Q1
2018-01-01,shift,1,79694.43,26.04,51.9,18187.1,10.0,12.0,0.0,1.0,30500.0,36.0,18.02,579.6,5.0,0.38271181561873274,0.0872733514751282,20.0,0,0,0,0,0,0,0,0,0,0,0,0,0,0,0,0,2,13,0.0,0.0,1.0,0.0,0.0,1.0,0.0,2018Q1
2018-01-01,shift,0,48742.44,30.53,26.1,18912.17,13.0,9.0,0.0,1.0,10000.0,36.0,15.87,310.76,10.0,0.2051600207129557,0.07650663364410973,23.000684462696782,0,0,0,0,0,0,0,0,0,0,0,0,0,0,0,0,1,6,0.0,0.0,1.0,0.0,0.0,1.0,0.0,2018Q1
2018-01-01,shift,0,55835.99,31.52,4.5,14177.27,2.0,9.0,1.0,2.0,12500.0,36.0,16.52,234.43,2.0,0.22386994481516312,0.05038255791649795,1.7522245037645447,0,0,0,0,0,0,0,0,0,0,0,0,0,0,0,0,2,12,0.0,0.0,1.0,0.0,0.0,0.0,1.0,2018Q1
2018-01-01,shift,1,69478.05,27.44,31.9,28591.46,21.0,26.0,0.0,0.0,10000.0,36.0,19.08,191.79,2.0,0.2563336676464009,0.08069217306644721,1.5030800821355237,1,0,0,0,0,0,0,0,0,0,0,0,1,1,1,0,2,14,0.0,0.0,0.0,1.0,0.0,0.0,1.0,2018Q1
2018-01-01,shift,1,53256.66,33.870000000000005,59.9,13077.09,20.0,33.0,0.0,1.0,32000.0,36.0,22.42,1052.66,10.0,0.6008638168446913,0.2371894895398998,32.167008898015055,0,0,0,0,0,0,0,0,0,0,0,0,0,0,0,0,3,18,0.0,0.0,0.0,1.0,0.0,1.0,0.0,2018Q1
2018-01-01,shift,1,84618.78,41.44,46.7,12346.34,8.0,34.0,2.0,1.0,29500.0,36.0,16.490000000000002,921.82,5.0,0.3486223743712684,0.13072559070220582,25.503080082135522,0,0,0,0,0,0,0,0,0,0,0,0,0,0,0,0,2,13,0.0,0.0,0.0,1.0,0.0,1.0,0.0,2018Q1
2018-01-01,shift,0,69467.44,30.79,19.6,21497.27,12.0,7.0,0.0,1.0,18500.0,36.0,13.11,560.69,2.0,0.2663118145709702,0.09685515976981446,3.3347022587268995,0,0,0,0,0,0,0,0,0,0,0,0,1,0,0,0,1,9,0.0,0.0,1.0,0.0,0.0,0.0,1.0,2018Q1
2018-01-01,shift,0,58578.51,22.509999999999998,63.4,20533.53,24.0,39.0,0.0,1.0,26500.0,36.0,11.52,791.48,2.0,0.4523843300213679,0.16213727525674518,26.50513347022587,0,0,0,0,0,0,0,0,0,0,0,0,0,0,0,0,0,2,0.0,1.0,0.0,0.0,0.0,1.0,0.0,2018Q1
2018-01-01,shift,1,52183.41,32.04,87.1,6136.23,9.0,47.0,0.0,1.0,23500.0,36.0,22.53,464.24,2.0,0.4503346944939014,0.1067557677813696,27.419575633127995,0,0,0,0,0,0,0,0,0,0,0,0,0,0,0,0,3,19,0.0,0.0,0.0,1.0,0.0,1.0,0.0,2018Q1
2018-01-01,shift,1,20984.84,20.47,62.4,15964.26,24.0,34.0,0.0,1.0,3500.0,36.0,19.96,112.74,5.0,0.16678707104748,0.0644693979082042,8.914442162902121,0,0,0,0,0,0,0,0,0,0,0,0,0,0,0,0,3,17,0.0,0.0,0.0,1.0,0.0,1.0,0.0,2018Q1
2018-01-01,shift,1,62899.51,25.27,47.6,3903.63,21.0,26.0,0.0,0.0,27500.0,36.0,18.61,875.49,1.0,0.43720531368209387,0.16702642039659768,7.5044490075290895,0,0,0,0,0,0,0,0,0,0,0,0,0,0,0,0,2,10,0.0,0.0,0.0,1.0,1.0,0.0,0.0,2018Q1
2018-01-01,shift,1,44262.3,34.3,33.5,18395.45,19.0,46.0,0.0,0.0,27500.0,36.0,18.83,877.15,10.0,0.6212962272633821,0.2378050846883239,31.753593429158112,0,0,0,0,0,0,0,0,0,0,0,0,0,0,0,0,2,14,0.0,1.0,0.0,0.0,0.0,0.0,1.0,2018Q1
2018-01-01,shift,0,46206.33,28.02,95.3,22187.7,24.0,9.0,0.0,0.0,2500.0,36.0,22.05,49.19,1.0,0.05410514100557218,0.012774873053107658,9.503080082135524,0,0,0,0,0,0,0,0,0,0,0,0,0,0,0,0,3,18,1.0,0.0,0.0,0.0,1.0,0.0,0.0,2018Q1
2018-01-01,shift,0,46211.17,26.06,59.2,22205.84,3.0,38.0,0.0,4.0,5500.0,36.0,15.97,102.64,5.0,0.11901884327966594,0.026653296161945263,16.16700889801506,0,0,0,0,0,0,0,0,0,0,0,0,0,0,0,0,1,9,0.0,0.0,1.0,0.0,0.0,1.0,0.0,2018Q1
2018-01-01,shift,1,20015.57,36.78,37.0,20122.41,3.0,40.0,1.0,0.0,8500.0,36.0,20.76,275.68,2.0,0.42466939487608896,0.16527933004156264,17.752224503764545,0,0,0,0,0,0,0,0,0,0,0,0,0,0,0,0,3,19,0.0,1.0,0.0,0.0,0.0,0.0,1.0,2018Q1
2018-01-01,shift,0,69478.05,19.18,55.3,21070.22,15.0,46.0,0.0,1.0,22000.0,36.0,14.03,672.39,2.0,0.2563336676464009,0.08069217306644721,5.916495550992471,1,0,0,0,0,0,0,0,0,0,0,0,0,1,1,0,1,6,0.0,0.0,0.0,1.0,0.0,0.0,1.0,2018Q1
2018-01-01,shift,0,70471.91,28.54,42.7,11374.12,15.0,20.0,0.0,1.0,16500.0,36.0,24.21,550.98,1.0,0.234135842210038,0.09382121188428126,28.503764544832308,0,0,0,0,0,0,0,0,0,0,0,0,0,0,0,0,4,24,0.0,1.0,0.0,0.0,0.0,1.0,0.0,2018Q1
2018-01-01,shift,1,44855.64,27.57,89.5,16641.41,17.0,22.0,2.0,0.0,23000.0,36.0,27.0,785.85,2.0,0.5127560324632532,0.2102344320580422,4.251882272416153,0,0,0,0,0,0,0,0,0,0,0,0,0,0,0,0,5,29,1.0,0.0,0.0,0.0,1.0,0.0,0.0,2018Q1
2018-01-01,shift,0,109559.4,27.81,59.4,0.0,20.0,30.0,0.0,2.0,1500.0,36.0,26.93,51.22,5.0,0.013691203128166091,0.005610107393797338,6.335386721423682,0,0,0,0,0,0,0,0,0,0,0,0,0,0,0,0,5,26,1.0,0.0,0.0,0.0,1.0,0.0,0.0,2018Q1
2018-01-01,shift,1,56685.11,28.85,68.9,7033.2,20.0,29.0,0.0,1.0,21000.0,36.0,24.12,700.7,0.0,0.37046765896723144,0.14833525065047948,11.000684462696784,0,0,0,0,0,0,0,0,0,0,0,0,0,0,0,0,4,22,0.0,0.0,0.0,1.0,0.0,1.0,0.0,2018Q1
2018-01-01,shift,0,64737.4,17.29,31.1,20337.62,18.0,48.0,0.0,1.0,9000.0,36.0,18.5,171.75,5.0,0.1390231921578562,0.03183631100414907,24.084873374401095,0,0,0,0,0,0,0,0,0,0,0,0,0,0,0,0,2,11,1.0,0.0,0.0,0.0,1.0,0.0,0.0,2018Q1
2018-01-01,shift,0,72256.68,19.41,29.2,16345.89,23.0,31.0,0.0,1.0,34000.0,36.0,13.17,1031.1,2.0,0.47054473025884946,0.1712395310717293,13.25119780971937,0,0,0,0,0,0,0,0,0,0,0,0,1,0,0,0,1,8,0.0,0.0,0.0,1.0,0.0,0.0,1.0,2018Q1
2018-01-01,shift,0,72404.44,21.939999999999998,100.0,3822.36,11.0,33.0,0.0,3.0,33500.0,36.0,18.96,641.88,10.0,0.4626788080951941,0.10638242627109608,7.4195756331279945,0,0,0,0,0,0,0,0,0,0,0,0,0,0,0,0,2,13,0.0,1.0,0.0,0.0,1.0,0.0,0.0,2018Q1
2018-01-01,shift,1,44485.48,41.47,64.7,15471.76,12.0,51.0,0.0,1.0,25000.0,36.0,21.47,815.8,5.0,0.5619811228292917,0.22006281600198535,16.334017796030118,0,0,0,0,0,0,0,0,0,0,0,0,0,0,0,0,3,18,0.0,0.0,1.0,0.0,0.0,1.0,0.0,2018Q1
2018-01-01,shift,0,62394.11,34.86,53.6,7627.15,14.0,51.0,0.0,0.0,9000.0,36.0,20.1,290.25,2.0,0.14424438460617517,0.05582257684258979,30.67214236824093,0,0,0,0,0,0,0,0,0,0,0,0,1,0,0,0,3,17,0.0,1.0,0.0,0.0,1.0,0.0,0.0,2018Q1
2018-01-01,shift,1,81596.62,33.43,55.1,11155.45,20.0,8.0,1.0,1.0,17000.0,36.0,17.3,535.02,2.0,0.20834196318425935,0.07868267092435936,6.168377823408624,0,0,0,0,0,0,0,0,0,0,0,0,0,0,0,0,2,12,0.0,0.0,0.0,1.0,0.0,1.0,0.0,2018Q1
2018-01-01,shift,0,69478.05,28.22,74.1,20448.41,19.0,38.0,0.0,0.0,31500.0,36.0,17.79,597.39,2.0,0.2563336676464009,0.08069217306644721,20.334017796030118,1,0,0,0,0,0,0,0,0,0,0,0,0,1,1,0,2,12,0.0,1.0,0.0,0.0,0.0,0.0,1.0,2018Q1
2018-01-01,shift,1,104368.15,23.59,58.2,24833.04,18.0,21.0,0.0,0.0,9500.0,36.0,19.759999999999998,305.49,10.0,0.0910239378584367,0.03512450877015642,22.587268993839835,0,0,0,0,0,0,0,0,0,0,0,0,0,0,0,0,3,16,0.0,0.0,0.0,1.0,0.0,1.0,0.0,2018Q1
2018-01-01,shift,1,55660.1,36.980000000000004,65.4,19052.79,11.0,51.0,0.0,1.0,25000.0,36.0,13.11,757.7,1.0,0.44915478053399116,0.16335579706109046,30.253251197809718,0,0,0,0,0,0,0,0,0,0,0,0,0,0,0,0,1,5,0.0,1.0,0.0,0.0,0.0,1.0,0.0,2018Q1
2018-01-01,shift,1,33966.66,27.56,39.4,4471.64,20.0,20.0,0.0,0.0,30500.0,36.0,16.93,956.77,2.0,0.8979393322746481,0.3380149829273764,23.50444900752909,0,0,0,0,0,0,0,0,0,0,0,0,1,0,0,0,2,10,0.0,0.0,1.0,0.0,1.0,0.0,0.0,2018Q1
2018-01-01,shift,0,90044.71,16.09,41.8,18174.32,7.0,18.0,0.0,2.0,25500.0,36.0,19.93,492.69,5.0,0.28319264951822265,0.0656593818781803,17.503080082135522,0,0,0,0,0,0,0,0,0,0,0,0,0,0,0,0,3,18,0.0,0.0,0.0,1.0,1.0,0.0,0.0,2018Q1
2018-01-01,shift,1,58042.55,35.34,68.0,17618.35,17.0,33.0,1.0,0.0,33500.0,36.0,24.1,670.56,0.0,0.577162788333731,0.13863484633256118,11.586584531143053,0,0,0,0,0,0,0,0,0,0,0,0,0,0,0,0,4,24,0.0,1.0,0.0,0.0,0.0,0.0,1.0,2018Q1
2018-01-01,shift,1,49817.69,13.76,66.7,4367.55,15.0,37.0,0.0,0.0,7000.0,36.0,20.08,135.43,0.0,0.1405123360798142,0.03262214687192441,12.41889117043121,0,0,0,0,0,0,0,0,0,0,0,0,0,0,0,0,3,16,0.0,1.0,0.0,0.0,0.0,1.0,0.0,2018Q1
2018-01-01,shift,1,43765.76,26.46,65.9,13627.93,12.0,48.0,1.0,0.0,18500.0,36.0,21.34,602.99,0.0,0.42270487248479177,0.16533198555217593,17.752224503764545,0,0,0,0,0,0,0,0,0,0,0,0,0,0,0,0,3,18,0.0,1.0,0.0,0.0,0.0,1.0,0.0,2018Q1
2018-01-01,shift,1,72813.59,31.54,90.6,15600.88,16.0,7.0,0.0,2.0,3000.0,36.0,19.43,96.19,1.0,0.04120109995949932,0.015852535220416956,16.503764544832308,0,0,0,0,0,0,0,0,0,0,0,0,0,0,0,0,2,14,0.0,0.0,1.0,0.0,0.0,0.0,1.0,2018Q1
2018-01-01,shift,1,64256.71,40.76,96.7,11921.66,12.0,51.0,2.0,1.0,10500.0,36.0,22.97,347.0,2.0,0.1634070589670713,0.06480257081322714,24.334017796030118,0,0,0,0,0,0,0,0,0,0,0,0,1,0,0,0,3,18,0.0,0.0,0.0,1.0,1.0,0.0,0.0,2018Q1
2018-01-01,shift,0,64221.06,32.04,51.4,8686.37,21.0,41.0,0.0,1.0,13500.0,36.0,14.84,415.65,0.0,0.21021141662875076,0.07766611139710244,31.000684462696782,0,0,0,0,0,0,0,0,0,0,0,0,0,0,0,0,1,5,0.0,0.0,0.0,1.0,1.0,0.0,0.0,2018Q1
2018-01-01,shift,1,63623.71,34.45,47.3,12086.34,7.0,48.0,0.0,2.0,21000.0,36.0,20.82,408.87,1.0,0.33006563119315113,0.07711653407196783,23.3347022587269,0,0,0,0,0,0,0,0,0,0,0,0,0,0,0,0,3,16,0.0,0.0,1.0,0.0,0.0,0.0,1.0,2018Q1
2018-01-01,shift,1,78453.09,39.11,65.9,16291.83,22.0,26.0,0.0,1.0,3500.0,36.0,24.26,116.92,0.0,0.04461264686961342,0.017883808018269262,23.67145790554415,0,0,0,0,0,0,0,0,0,0,0,0,0,0,0,0,4,24,1.0,0.0,0.0,0.0,0.0,0.0,1.0,2018Q1
2018-01-01,shift,0,69478.05,33.84,48.7,14652.97,21.0,49.0,0.0,0.0,19500.0,36.0,16.380000000000003,608.73,1.0,0.2563336676464009,0.08069217306644721,1.83709787816564,1,0,0,0,0,0,0,0,0,0,0,0,0,1,1,0,2,11,0.0,0.0,0.0,1.0,0.0,1.0,0.0,2018Q1
2018-01-01,shift,0,78997.89,26.5,41.6,17175.05,22.0,11.0,1.0,1.0,35000.0,36.0,23.3,1159.9,0.0,0.44304980803917676,0.1761920476610198,29.084188911704313,0,0,0,0,0,0,0,0,0,0,0,0,0,0,0,0,4,24,0.0,1.0,0.0,0.0,1.0,0.0,0.0,2018Q1
2018-01-01,shift,1,62781.15,26.46,98.0,20212.07,17.0,22.0,0.0,1.0,10000.0,36.0,18.509999999999998,318.09,0.0,0.15928347919717942,0.06079977827739695,15.50444900752909,0,0,0,0,0,0,0,0,0,0,0,0,0,0,0,0,2,10,0.0,1.0,0.0,0.0,1.0,0.0,0.0,2018Q1
2018-01-01,shift,0,60392.45,30.28,61.6,12872.34,20.0,43.0,0.0,0.0,29500.0,36.0,15.57,548.56,0.0,0.48847165498336304,0.10899905534549434,26.754277891854894,0,0,0,0,0,0,0,0,0,0,0,0,0,0,0,0,1,5,0.0,0.0,0.0,1.0,0.0,0.0,1.0,2018Q1
2018-01-01,shift,1,47974.06,26.27,71.9,20064.88,3.0,25.0,0.0,0.0,16500.0,36.0,20.05,531.89,2.0,0.34393586867569687,0.13304439941084828,28.251882272416154,0,0,0,0,0,0,0,0,0,0,0,0,0,0,0,0,3,15,0.0,1.0,0.0,0.0,0.0,0.0,1.0,2018Q1
2018-01-01,shift,1,34412.54,33.629999999999995,54.8,11027.55,24.0,16.0,0.0,0.0,20500.0,36.0,20.68,664.42,5.0,0.595713074361846,0.2316899595321938,30.420260095824776,0,0,0,0,0,0,0,0,0,0,0,0,0,0,0,0,3,17,0.0,0.0,0.0,1.0,1.0,0.0,0.0,2018Q1
2018-01-01,shift,1,57153.54,44.6,54.2,0.0,16.0,34.0,0.0,0.0,24500.0,36.0,21.9,802.37,5.0,0.42866986016964126,0.16846620524292982,2.5872689938398357,0,0,0,0,0,0,0,0,0,0,0,0,0,0,0,0,3,19,0.0,0.0,0.0,1.0,1.0,0.0,0.0,2018Q1
2018-01-01,shift,0,75845.86,30.92,83.3,7825.98,2.0,48.0,0.0,1.0,15000.0,36.0,21.8,490.83,5.0,0.197769528883976,0.07765697428969755,16.670773442847366,0,0,0,0,0,0,0,0,0,0,0,0,0,0,0,0,3,16,1.0,0.0,0.0,0.0,0.0,0.0,1.0,2018Q1
2018-01-01,shift,0,52796.38,30.65,37.4,11996.29,7.0,24.0,0.0,1.0,16500.0,36.0,22.38,542.58,1.0,0.31252142665841864,0.1233220914009635,4.503764544832307,0,0,0,0,0,0,0,0,0,0,0,0,0,0,0,0,3,15,0.0,0.0,1.0,0.0,1.0,0.0,0.0,2018Q1
2018-01-01,shift,1,38021.14,28.16,76.6,19361.28,14.0,44.0,0.0,1.0,6000.0,36.0,17.310000000000002,188.85,10.0,0.15780694634616427,0.05960368363494624,20.418891170431213,0,0,0,0,0,0,0,0,0,0,0,0,0,0,0,0,2,11,0.0,0.0,1.0,0.0,0.0,1.0,0.0,2018Q1
2018-01-01,shift,0,107088.89,29.18,49.4,7907.11,19.0,20.0,2.0,2.0,19000.0,36.0,19.89,611.62,2.0,0.17742269996448745,0.06853596110670304,13.752224503764545,0,0,0,0,0,0,0,0,0,0,0,0,0,0,0,0,3,18,0.0,0.0,1.0,0.0,1.0,0.0,0.0,2018Q1
2018-01-01,shift,1,91397.05,37.25,74.9,3993.33,5.0,43.0,0.0,0.0,21000.0,36.0,20.55,679.87,10.0,0.22976671566533055,0.08926371255965045,30.915811088295687,0,0,0,0,0,0,0,0,0,0,0,0,0,0,0,0,3,18,1.0,0.0,0.0,0.0,0.0,0.0,1.0,2018Q1
2018-01-01,shift,0,36366.33,25.02,57.0,17336.33,2.0,47.0,2.0,2.0,19500.0,36.0,13.42,355.61,10.0,0.5362102802234924,0.11734260784632378,8.0,0,0,0,0,0,0,0,0,0,0,0,0,0,0,0,0,1,8,0.0,1.0,0.0,0.0,0.0,1.0,0.0,2018Q1
2018-01-01,shift,1,50222.79,27.46,80.4,9433.72,15.0,34.0,0.0,0.0,25000.0,36.0,21.17,488.21,10.0,0.4977819830399705,0.1166506281311731,24.83778234086242,0,0,0,0,0,0,0,0,0,0,0,0,0,0,0,0,3,15,1.0,0.0,0.0,0.0,1.0,0.0,0.0,2018Q1
2018-01-01,shift,0,18000.0,19.17,49.9,15249.36,10.0,32.0,0.0,3.0,21000.0,36.0,18.25,666.47,5.0,1.1666666666666667,0.44431333333333334,15.838466803559205,0,0,0,0,0,0,0,0,0,0,0,0,0,0,0,0,2,14,0.0,1.0,0.0,0.0,0.0,0.0,1.0,2018Q1
2018-01-01,shift,1,53407.41,32.35,53.9,2126.02,14.0,28.0,0.0,1.0,21000.0,36.0,22.06,688.68,2.0,0.3932038644075794,0.154738078480121,3.252566735112936,0,0,0,0,0,0,0,0,0,0,0,0,0,0,0,0,3,18,0.0,1.0,0.0,0.0,0.0,1.0,0.0,2018Q1
2018-01-01,shift,0,99337.12,29.21,48.4,14352.96,7.0,35.0,0.0,2.0,32500.0,36.0,21.35,1059.42,2.0,0.32716873611797886,0.12797874550822494,11.085557837097879,0,0,0,0,0,0,0,0,0,0,0,0,0,0,0,0,3,19,0.0,0.0,1.0,0.0,0.0,1.0,0.0,2018Q1
2018-01-01,shift,1,74261.41,20.17,59.5,13399.4,4.0,8.0,0.0,0.0,30000.0,36.0,19.9,965.87,10.0,0.4039783246776488,0.15607621778256028,4.7529089664613275,0,0,0,0,0,0,0,0,0,0,0,0,0,0,0,0,3,15,0.0,1.0,0.0,0.0,0.0,0.0,1.0,2018Q1
2018-01-01,shift,0,18000.0,30.69,60.9,32462.12,17.0,24.0,0.0,0.0,30500.0,36.0,21.0,991.24,2.0,1.6944444444444444,0.6608266666666667,2.4202600958247777,0,0,0,0,0,0,0,0,0,0,0,0,1,0,0,0,3,16,0.0,0.0,1.0,0.0,0.0,0.0,1.0,2018Q1
2018-01-01,shift,1,81934.38,28.48,55.9,25009.33,19.0,33.0,0.0,3.0,21500.0,36.0,22.77,709.34,5.0,0.26240511004049827,0.10388899018946625,15.75359342915811,0,0,0,0,0,0,0,0,0,0,0,0,0,0,0,0,3,15,0.0,0.0,0.0,1.0,1.0,0.0,0.0,2018Q1
2018-01-01,shift,0,50532.98,28.95,81.6,11197.32,13.0,16.0,0.0,0.0,22500.0,36.0,17.78,711.13,10.0,0.44525377288258083,0.16887110160532784,32.41889117043121,0,0,0,0,0,0,0,0,0,0,0,0,0,0,0,0,2,14,0.0,0.0,1.0,0.0,0.0,1.0,0.0,2018Q1
2018-01-01,shift,1,69230.63,27.05,42.2,18140.81,2.0,10.0,0.0,0.0,16500.0,36.0,20.85,535.55,5.0,0.23833381264911208,0.09282885335580507,25.166324435318277,0,0,0,0,0,0,0,0,0,0,0,0,0,0,0,0,3,15,0.0,0.0,1.0,0.0,0.0,1.0,0.0,2018Q1
2018-01-01,shift,0,93495.48,25.12,63.1,24561.17,6.0,38.0,0.0,1.0,33000.0,36.0,23.18,1092.52,2.0,0.3529582392646147,0.14022324929504612,27.586584531143053,0,0,0,0,0,0,0,0,0,0,0,0,1,0,0,0,4,23,0.0,1.0,0.0,0.0,1.0,0.0,0.0,2018Q1
2018-01-01,shift,0,69478.05,21.9,55.0,8408.24,17.0,51.0,0.0,1.0,8000.0,36.0,15.65,248.1,0.0,0.2563336676464009,0.08069217306644721,2.5872689938398357,1,0,0,0,0,0,0,0,0,0,0,0,0,1,1,0,1,7,1.0,0.0,0.0,0.0,0.0,0.0,1.0,2018Q1
2018-01-01,shift,0,61569.46,25.28,44.3,12556.73,8.0,36.0,0.0,0.0,12000.0,36.0,18.77,382.57,2.0,0.19490182307916945,0.07456359045539786,10.915811088295689,0,0,0,0,0,0,0,0,0,0,0,0,1,0,0,0,2,10,0.0,1.0,0.0,0.0,0.0,0.0,1.0,2018Q1
2018-01-01,shift,1,55476.78,39.78,32.1,16750.24,22.0,5.0,0.0,1.0,26000.0,36.0,18.84,829.43,1.0,0.46866454758188925,0.17941127801577525,6.335386721423682,0,0,0,0,0,0,0,0,0,0,0,0,0,0,0,0,2,12,0.0,0.0,1.0,0.0,0.0,0.0,1.0,2018Q1
2018-01-01,shift,1,66032.81,35.08,67.7,28500.31,10.0,26.0,0.0,0.0,2500.0,36.0,19.93,80.51,5.0,0.037859966886158565,0.014630908483222207,26.83915126625599,0,0,0,0,0,0,0,0,0,0,0,0,0,0,0,0,3,19,0.0,0.0,0.0,1.0,0.0,1.0,0.0,2018Q1
2018-01-01,shift,1,53347.81,34.72,21.2,17199.13,14.0,51.0,0.0,1.0,13500.0,36.0,17.72,255.87,2.0,0.2530563110275755,0.057555127380111766,7.671457905544147,0,0,0,0,0,0,0,0,0,0,0,0,1,0,0,0,2,14,1.0,0.0,0.0,0.0,1.0,0.0,0.0,2018Q1
2018-01-01,shift,0,62861.29,24.11,59.6,23679.29,7.0,20.0,0.0,0.0,20000.0,36.0,21.5,391.66,2.0,0.31816082679817737,0.0747665216542645,6.0862422997946615,0,0,0,0,0,0,0,0,0,0,0,0,0,0,0,0,3,17,0.0,0.0,0.0,1.0,0.0,1.0,0.0,2018Q1
2018-01-01,shift,1,97774.77,26.71,31.9,6687.22,14.0,49.0,1.0,0.0,32500.0,36.0,18.869999999999997,622.21,2.0,0.3323965886086973,0.07636448543934186,14.505133470225873,0,0,0,0,0,0,0,0,0,0,0,0,1,0,0,0,2,13,0.0,0.0,1.0,0.0,1.0,0.0,0.0,2018Q1
2018-01-01,shift,1,50382.28,16.78,35.6,8611.34,9.0,52.0,0.0,0.0,30000.0,36.0,16.86,564.3,1.0,0.5954474469992228,0.13440439773666454,14.001368925393566,0,0,0,0,0,0,0,0,0,0,0,0,0,0,0,0,2,11,0.0,0.0,0.0,1.0,1.0,0.0,0.0,2018Q1
2018-01-01,shift,1,56085.17,29.96,66.0,16631.62,8.0,51.0,0.0,0.0,17000.0,36.0,15.18,315.0,10.0,0.3031104300833893,0.06739749563030654,14.08624229979466,0,0,0,0,0,0,0,0,0,0,0,0,0,0,0,0,1,5,1.0,0.0,0.0,0.0,1.0,0.0,0.0,2018Q1
2018-01-01,shift,1,58572.09,34.25,28.4,10982.82,4.0,23.0,1.0,2.0,8500.0,36.0,20.22,164.65,0.0,0.1451203124218378,0.033732789798007895,13.670088980150581,0,0,0,0,0,0,0,0,0,0,0,0,0,0,0,0,3,19,0.0,0.0,0.0,1.0,0.0,1.0,0.0,2018Q1
